id,name,note,longitude,latitude,tags,parkingCondition,gmapUrl,pathType,path
place-1791028289870,上水大水管,,114.1156647,22.515639699999998,new,1,,-1,
place-1791028289870-3,黃竹洋村,,114.26599859999999,22.4049601,photo|small-road,1,,-1,
cape-collinson-road-rest-garden,歌連臣角道休憩花園,,114.2513163,22.2569902,new,-1,,-1,
aberdeen-chinese-permanent-cemetery,香港仔華人永遠墳場,,114.15142829999999,22.2501076,new,1,,-1,
place-1791028289870-4,上水大石磨山,,114.1071071,22.5227091,new,1,,-1,
tai-shu-ha-rd-w,大樹下西路,,114.04124039290753,22.4122124840968,new,1,,-1,
place-1791028289870-5,米埔,,114.0325295,22.4769142,new,1,,-1,
place-1791028289870-6,山貝河,,114.02800789999999,22.465069,new,-1,,-1,
place-1791028289870-7,(屏山鄉)天水圍,,114.01348,22.4663343,new,-1,,-1,
kafe,ā kafe 丫咖啡研究所,,114.01187689999999,22.4522797,coffee|photo,1,,-1,
metered-parking-spaces-big-wave-bay,大浪灣,,114.2455411,22.2445308,view,1,,-1,
peak-tram-barker-road-station,山頂纜車白加道站,,114.15166939999999,22.2709869,photo,1,,-1,
place-1791028289870-8,司徒拔道瞭望處,,114.1759632,22.2701131,nightview|photo|view|small-road,-1,,-1,
place-1791028289870-9,禁區魚塘,,114.0928721,22.528851,tag-1791088785064|photo|view|sunset,1,,0,"114.095321,22.524678|114.095388,22.524754|114.09544,22.524886|114.095473,22.524982|114.095302,22.525198|114.095275,22.525322|114.095285,22.525458|114.095312,22.525629|114.095365,22.525721|114.095433,22.525799|114.095384,22.525984|114.095336,22.526057|114.095123,22.526257|114.094996,22.526337|114.094936,22.526389|114.094847,22.52652|114.094732,22.526723|114.09456,22.527209|114.094552,22.527233|114.09447,22.527623|114.094469,22.527777|114.094499,22.527993|114.094483,22.528066|114.094447,22.528145|114.094152,22.528478|114.09389,22.528727|114.093793,22.528792|114.093637,22.528841|114.0928721,22.528851"
place-1791028289870-10,麥景陶碉堡 (馬草壟),,114.09904920222328,22.524645132525507,small-road|view|photo,1,,0,"114.100333,22.523533|114.100387,22.523569|114.100461,22.523629|114.100533,22.523679|114.100559,22.523699|114.100599,22.523738|114.100622,22.52376|114.100688,22.52383|114.100791,22.523955|114.10086,22.524049|114.100954,22.52412|114.101001,22.524156|114.1011,22.524206|114.101258,22.524262|114.101328,22.5243|114.101353,22.524311|114.101506,22.524407|114.101461,22.524488|114.101422,22.524535|114.101367,22.524589|114.101335,22.524613|114.101286,22.524635|114.101237,22.524648|114.101192,22.52464|114.101176,22.524633|114.101154,22.524617|114.1011,22.524563|114.10103,22.524509|114.1009,22.52446|114.100861,22.524478|114.100822,22.524496|114.100769,22.524565|114.100721,22.524621|114.100649,22.524728|114.100569,22.524822|114.10053,22.524859|114.100481,22.524877|114.100393,22.524861|114.100337,22.524845|114.100281,22.524784|114.100219,22.52472|114.100141,22.524649|114.10004,22.524574|114.10001,22.524559|114.099971,22.524544|114.099898,22.524556|114.099832,22.524589|114.099692,22.52471|114.099632,22.524728|114.099567,22.524742|114.099501,22.524754|114.099431,22.524748|114.099378,22.524732|114.099219,22.52469|114.09917,22.524678|114.09904920222328,22.524645132525507"
place-1791028289870-11,馬草壟南屋仔,,114.0951704,22.5244245,photo,-1,,0,"114.07779,22.510789|114.077696,22.510884|114.077659,22.510922|114.07757,22.511018|114.077611,22.511103|114.077632,22.51114|114.078198,22.512125|114.078366,22.512403|114.078398,22.512468|114.078528,22.513234|114.07854,22.513304|114.078565,22.513367|114.078685,22.513644|114.078773,22.513799|114.078842,22.513873|114.078961,22.513976|114.079094,22.514108|114.079768,22.51505|114.079855,22.5152|114.079887,22.515228|114.07992,22.515242|114.079957,22.515239|114.080249,22.515054|114.08032,22.515036|114.080389,22.51505|114.080463,22.515094|114.080582,22.5152|114.080711,22.515347|114.080766,22.515381|114.080817,22.515399|114.081076,22.515411|114.081284,22.515457|114.081338,22.515471|114.081497,22.515515|114.081543,22.515542|114.081579,22.515571|114.081638,22.51562|114.081764,22.51569|114.081918,22.515817|114.082074,22.515944|114.082116,22.515963|114.082194,22.515998|114.082461,22.516091|114.082527,22.516124|114.082922,22.51641|114.082973,22.516447|114.083061,22.516552|114.083361,22.516989|114.083387,22.517028|114.083481,22.517119|114.083514,22.517139|114.083603,22.517193|114.083758,22.517258|114.083909,22.51731|114.083931,22.517322|114.083974,22.517346|114.084441,22.517837|114.084522,22.517907|114.084571,22.517949|114.084682,22.51801|114.084765,22.518082|114.084864,22.518231|114.085078,22.518561|114.085095,22.518587|114.085117,22.518621|114.085213,22.518703|114.085339,22.518765|114.085457,22.518809|114.086215,22.519193|114.086307,22.519232|114.086482,22.51931|114.086816,22.519457|114.086967,22.519533|114.087119,22.519669|114.087191,22.519705|114.087214,22.519709|114.087319,22.519728|114.087398,22.519743|114.087482,22.519733|114.087606,22.519722|114.087655,22.519728|114.087902,22.519771|114.08804,22.519774|114.088173,22.519775|114.08829,22.5198|114.0887,22.51998|114.088905,22.52012|114.089255,22.520423|114.089666,22.520873|114.089965,22.521217|114.090013,22.521266|114.090029,22.521282|114.090819,22.521978|114.091077,22.522169|114.091798,22.522603|114.092194,22.522803|114.09222,22.522834|114.092239,22.522887|114.092254,22.523003|114.09227,22.52304|114.092813,22.523366|114.09286,22.523384|114.09306,22.523397|114.093143,22.523417|114.093529,22.523654|114.093586,22.523673|114.093638,22.523673|114.09376,22.523688|114.094221,22.523774|114.094424,22.523805|114.094506,22.523808|114.094665,22.523849|114.094916,22.523953|114.095031,22.524046|114.095084,22.524133|114.095173,22.524329|114.0951704,22.5244245"
place-1791028289870-12,天星碼頭多層停車場,,114.1602947,22.2830157,new,-1,,-1,
place-1791028289870-13,橫坑嶺,,113.99878316743383,22.483411246239726,view|sunset|tag-1791088785064|challenge,1,,1,"113.99878316743383,22.483411246239726|113.998776,22.483402|113.998821,22.483309|113.998823,22.483236|113.998814,22.483174|113.998791,22.483149|113.998765,22.483125|113.998653,22.48295|113.998627,22.482891|113.998575,22.482768|113.998489,22.482652|113.998418,22.482575|113.998322,22.482564|113.998236,22.482508|113.998158,22.482417|113.99808,22.482289|113.998025,22.482155|113.99796,22.482057|113.997921,22.48202"
sha-kiu-tsuen-shoreline-east,沙橋村海旁,,113.99570879999999,22.4864084,photo|view|sunset|sea,1,,-1,
place-1791028289870-14,虎頭山直升機坪,,113.9763418,22.4493236,new,-1,,-1,
kai-pak-ling,雞伯嶺,,113.9810286,22.4558678,new|small-road,-1,,-1,
nodi-north-point,nodi (北角),,114.2026437,22.2936896,coffee|new,-1,,-1,
place-1791028289870-15,上環西消防街,,114.14796554111524,22.289848649484696,sea|photo|view,0,,-1,
heung-hoi-ming-shan-memorial-archway,香海名山牌樓,,113.961767,22.3921256,photo|new,1,,-1,
place-1791028289870-16,源·區,,113.92557459999999,22.4227821,new,0,,-1,
place-1791028289870-17,大圍徑口路,火車穿山窿,114.1694124,22.3644073,photo,1,,-1,
place-1791028289870-18,瓦窯頭村,,114.26989353517826,22.420888111205542,new,-1,,-1,
wu-kai-sha-beach,烏溪沙泳灘,,114.23870439999999,22.434362,new,-1,,-1,
place-1791028289870-19,新田高攝,,114.06681409999999,22.5052977,new,-1,,-1,
temple-hill-transmission-station,慈雲山發射站,,114.20662349999999,22.356079599999997,small-road|challenge,1,,0,"114.20886,22.355835|114.208879,22.355931|114.208898,22.356028|114.20886,22.356037|114.208814,22.35605|114.208787,22.35606|114.208761,22.356085|114.208395,22.35652|114.208362,22.356551|114.208348,22.356562|114.208327,22.356571|114.208303,22.356578|114.208272,22.356581|114.208255,22.356581|114.208237,22.35658|114.208211,22.356572|114.208183,22.356566|114.208158,22.356567|114.208132,22.356573|114.208097,22.356591|114.208066,22.356612|114.207978,22.356697|114.207945,22.356731|114.207922,22.356772|114.207908,22.356823|114.2079,22.356877|114.20789,22.357103|114.207884,22.357125|114.207873,22.357139|114.207605,22.357327|114.207549,22.357378|114.207507,22.357551|114.207482,22.35759|114.207443,22.357644|114.207368,22.357705|114.207206,22.357915|114.207068,22.358052|114.206996,22.358114|114.206941,22.358132|114.206702,22.358108|114.206678,22.358099|114.206657,22.358087|114.206648,22.35808|114.206644,22.35807|114.206644,22.358059|114.20665,22.358051|114.206889,22.357893|114.206945,22.357844|114.20695,22.357834|114.206952,22.357825|114.206948,22.357813|114.206941,22.357803|114.206919,22.357799|114.206898,22.357799|114.206857,22.3578|114.206816,22.357808|114.206756,22.357831|114.206719,22.357838|114.206684,22.357837|114.206662,22.357829|114.206643,22.357818|114.20663,22.357797|114.206629,22.357777|114.20664,22.357741|114.206662,22.357625|114.206669,22.357572|114.206665,22.357534|114.206649,22.357497|114.20663,22.357463|114.206587,22.357431|114.206532,22.357407|114.206312,22.357402|114.206282,22.357393|114.206253,22.357376|114.206234,22.357349|114.206221,22.357264|114.206207,22.357194|114.206181,22.35715|114.206102,22.357062|114.206093,22.357033|114.206121,22.356998|114.20616,22.356987|114.206212,22.356997|114.206226,22.357006|114.206282,22.357085|114.206349,22.357143|114.206402,22.357172|114.206438,22.357173|114.206651,22.357117|114.206692,22.357096|114.206714,22.357076|114.206718,22.357064|114.206716,22.357029|114.206713,22.357009|114.206703,22.356994|114.206688,22.356983|114.206489,22.356938|114.206466,22.356924|114.206446,22.356897|114.206438,22.356875|114.206437,22.356845|114.206444,22.356814|114.206504,22.35669|114.206608,22.356553|114.206645,22.356531|114.206675,22.356508|114.206689,22.356478|114.206692,22.356451|114.20662349999999,22.356079599999997"
three-village-pavilion,三村亭,,114.16506539999999,22.5353407,photo|small-road|challenge,1,,-1,
place-1791028289870-20,白茅田,,114.15796259999999,22.538653099999998,photo|view|challenge|tag-1791088785064|small-road,1,,-1,
place-1791028289870-21,石澳山仔石堆,,114.2558632,22.228575199999998,sunrise|sea|view,1,,-1,
mount-davis-peak,摩星嶺,,114.12304918846405,22.277022474956553,challenge|small-road|photo,1,,0,"114.120013,22.27406|114.120006,22.274107|114.120003,22.274119|114.119996,22.274129|114.119988,22.274135|114.119973,22.27414|114.11995,22.274146|114.119926,22.274149|114.119897,22.274151|114.119869,22.274152|114.119844,22.27415|114.11979,22.274142|114.119773,22.274137|114.119726,22.274123|114.119709,22.274119|114.119692,22.274116|114.119674,22.274115|114.119655,22.274117|114.119537,22.274138|114.11951,22.274146|114.119481,22.274158|114.119455,22.274171|114.119431,22.274187|114.119291,22.274311|114.119269,22.274336|114.119088,22.274585|114.119076,22.274605|114.119067,22.274623|114.11906,22.274643|114.119054,22.274664|114.119044,22.274706|114.119038,22.274742|114.119034,22.274775|114.119035,22.274932|114.119032,22.274975|114.119027,22.274999|114.119021,22.275021|114.119007,22.275063|114.118944,22.275218|114.118906,22.275321|114.118818,22.275584|114.118811,22.2756|114.1188,22.275619|114.118787,22.275636|114.118773,22.27565|114.118757,22.275665|114.118742,22.275676|114.11872,22.275689|114.118639,22.275731|114.118612,22.275747|114.118594,22.275759|114.118581,22.275772|114.118569,22.275786|114.11856,22.275804|114.118555,22.275825|114.118553,22.275846|114.118555,22.27587|114.118559,22.275893|114.118566,22.275916|114.118577,22.275938|114.118589,22.275958|114.118606,22.275981|114.118637,22.276015|114.118649,22.27603|114.118658,22.276045|114.118671,22.276071|114.118684,22.276101|114.118693,22.276131|114.1187,22.276165|114.118702,22.276196|114.118702,22.276222|114.118699,22.276247|114.118692,22.276272|114.118682,22.276296|114.118673,22.276316|114.118664,22.276333|114.118653,22.276351|114.118619,22.276393|114.118582,22.276435|114.118463,22.276557|114.118446,22.276577|114.118432,22.276595|114.118422,22.276612|114.118415,22.276627|114.11841,22.276642|114.118408,22.276658|114.118407,22.276673|114.118409,22.276688|114.118413,22.276704|114.11842,22.27672|114.11857,22.276997|114.11859,22.277027|114.118612,22.277051|114.118633,22.277067|114.118654,22.27708|114.118677,22.277091|114.118702,22.277099|114.118731,22.277106|114.118758,22.277108|114.118847,22.277103|114.118874,22.277098|114.118902,22.27709|114.119045,22.277025|114.119054,22.277021|114.119077,22.277015|114.119085,22.277012|114.119094,22.277007|114.119102,22.277001|114.119114,22.276991|114.119154,22.276947|114.119191,22.276903|114.119204,22.276886|114.119215,22.276868|114.119296,22.276727|114.119309,22.276707|114.119323,22.276689|114.119338,22.276674|114.119355,22.276663|114.119373,22.276656|114.119389,22.276653|114.119406,22.276652|114.119421,22.276653|114.119437,22.276657|114.119455,22.276666|114.119473,22.276679|114.119486,22.276694|114.119495,22.27671|114.119518,22.276777|114.119526,22.276795|114.11954,22.276812|114.119559,22.276828|114.119582,22.27684|114.119742,22.276883|114.119758,22.276897|114.119772,22.276913|114.119784,22.276939|114.119794,22.27697|114.119849,22.2772|114.119853,22.277226|114.119856,22.277252|114.119858,22.27728|114.119859,22.277307|114.119839,22.277497|114.119833,22.277514|114.119824,22.27753|114.119806,22.277549|114.11979,22.277562|114.119701,22.277623|114.119679,22.277644|114.11966,22.277667|114.119647,22.277694|114.119642,22.27772|114.119644,22.277743|114.119656,22.277767|114.119674,22.277786|114.119699,22.277804|114.119728,22.27782|114.119767,22.277833|114.119804,22.277842|114.119837,22.277844|114.119869,22.277841|114.119888,22.277837|114.119907,22.277828|114.119923,22.277815|114.119937,22.277798|114.119948,22.277782|114.119965,22.27775|114.119989,22.277701|114.12009,22.277496|114.120107,22.27747|114.120127,22.277446|114.120141,22.277434|114.120159,22.277424|114.120181,22.277414|114.120205,22.277408|114.120252,22.277401|114.120268,22.277396|114.120285,22.277391|114.120305,22.277383|114.120326,22.27737|114.120345,22.277355|114.12036,22.277339|114.120374,22.277321|114.120384,22.277304|114.120397,22.277276|114.120412,22.277233|114.120439,22.277131|114.120445,22.277106|114.120451,22.277076|114.120455,22.277046|114.120462,22.276984|114.120464,22.276945|114.120462,22.276911|114.120459,22.276889|114.120457,22.276873|114.120453,22.276862|114.120438,22.27683|114.120415,22.276787|114.120405,22.276767|114.120398,22.276749|114.120393,22.276732|114.120389,22.276711|114.120387,22.27669|114.120388,22.276672|114.12039,22.276659|114.120393,22.276648|114.120399,22.276632|114.120403,22.276616|114.120407,22.276591|114.120409,22.276565|114.120407,22.27654|114.1204,22.276518|114.120391,22.276496|114.120312,22.276371|114.120305,22.276358|114.120302,22.276344|114.1203,22.276332|114.120302,22.276319|114.120322,22.276255|114.120331,22.276225|114.120337,22.276195|114.120348,22.276132|114.120357,22.276069|114.120364,22.275977|114.120366,22.275935|114.120367,22.275905|114.120368,22.275879|114.120371,22.275859|114.120375,22.275841|114.120381,22.275825|114.12039,22.275809|114.120398,22.275797|114.120408,22.275786|114.120419,22.275777|114.120432,22.275769|114.120446,22.275762|114.120452,22.275761|114.120469,22.275756|114.120493,22.275751|114.120523,22.275747|114.120551,22.275746|114.12058,22.275748|114.120605,22.275751|114.120684,22.275765|114.120701,22.27577|114.120716,22.275775|114.120729,22.275782|114.120749,22.275795|114.120796,22.275829|114.120925,22.275931|114.120945,22.275946|114.120962,22.275956|114.120978,22.275963|114.120996,22.275967|114.121012,22.275967|114.121031,22.275963|114.121048,22.275959|114.121069,22.275951|114.121123,22.275927|114.121133,22.275924|114.121145,22.27592|114.121156,22.275918|114.121167,22.275918|114.121181,22.275917|114.121193,22.275918|114.121208,22.275919|114.121252,22.275928|114.121264,22.275929|114.121278,22.275929|114.12129,22.275929|114.121305,22.275926|114.121318,22.275922|114.121331,22.275917|114.12184,22.275591|114.121992,22.275507|114.122109,22.275379|114.122225,22.275349|114.122269,22.275399|114.122303,22.275446|114.122334,22.275499|114.122442,22.275642|114.122467,22.275671|114.122473,22.275696|114.12245,22.275706|114.122423,22.275701|114.122353,22.27567|114.12226,22.275644|114.122201,22.275676|114.122136,22.275718|114.122,22.27588|114.121901,22.275955|114.121795,22.276063|114.12172,22.276171|114.121629,22.276258|114.121514,22.276375|114.121502,22.276433|114.121496,22.276461|114.121442,22.276607|114.121406,22.276735|114.12147,22.276867|114.121559,22.276988|114.121676,22.277069|114.121768,22.277057|114.121871,22.277008|114.122023,22.276949|114.122241,22.276804|114.122307,22.276801|114.122442,22.276924|114.122426,22.276995|114.122457,22.277012|114.122593,22.277077|114.12271,22.277078|114.122715,22.277079|114.12304918846405,22.277022474956553"
place-1791028289870-22,屏南石澗,,114.2076364,22.5130612,new,-1,,-1,
place-1791028289870-23,香港中華煤氣大埔煤氣廠,,114.18137689999999,22.454062099999998,photo,1,,-1,
place-1791028289870-24,井頭村休憩處,,114.27044869999999,22.427881799999998,sea,0,,-1,
south-perimeter-road,南環路,,113.89814736412944,22.301635974831072,sunset|sea|photo|view|tag-1791089795322,0,,0,"113.911179,22.295466|113.910873,22.295465|113.91056,22.295465|113.910371,22.295465|113.908851,22.295462|113.908109,22.295455|113.90722,22.29542|113.906894,22.295402|113.906342,22.295361|113.905508,22.295284|113.905067,22.295232|113.904467,22.295153|113.903815,22.295054|113.903409,22.294986|113.902832,22.294879|113.902042,22.29471|113.901448,22.294574|113.900884,22.294432|113.900045,22.294198|113.899188,22.293942|113.89905,22.293907|113.898913,22.293879|113.898815,22.293863|113.89872,22.293852|113.898606,22.293845|113.898482,22.29384|113.896259,22.293847|113.896119,22.29385|113.895992,22.293857|113.895887,22.293866|113.895796,22.293879|113.895723,22.293893|113.895581,22.293927|113.895433,22.293976|113.895326,22.294019|113.895205,22.29408|113.895111,22.294134|113.895013,22.294197|113.894934,22.294253|113.894845,22.294326|113.894762,22.294403|113.894666,22.294502|113.894532,22.294667|113.894476,22.294751|113.894412,22.294859|113.894362,22.294965|113.89432,22.295076|113.894282,22.2952|113.89425,22.29533|113.894231,22.295468|113.89422,22.295609|113.89422,22.295714|113.894228,22.295825|113.89424,22.295932|113.894263,22.296042|113.894294,22.296152|113.894333,22.296266|113.894372,22.296362|113.894427,22.296467|113.894493,22.296579|113.894556,22.296673|113.894606,22.296744|113.895919,22.298421|113.896764,22.2995|113.898092,22.301198|113.89817,22.301307|113.898241,22.301417|113.898306,22.301545|113.89814736412944,22.301635974831072"
place-1791028289870-25,大潭篤,,114.22395918241989,22.240386904087075,sea|photo,1,,-1,
place-1791028289870-26,大潭篤水塘水壩觀景點,,114.221734235989,22.2446766166736,view|photo,0,,0,"114.22380372967638,22.241328928130116|114.22361603985877,22.241938320759843|114.2229616588105,22.242571950159345|114.22297121506875,22.243003997300235|114.22271384073633,22.24342239133904|114.22268290437734,22.24383826699585|114.22274252284672,22.24415753723224|114.22262339193702,22.244450780200125|114.22251332974196,22.24456670833206|114.22235245528759,22.244774888979336|114.22228393134105,22.24482272701566|114.22212523936457,22.24472452538464|114.22202816851933,22.24465938823532|114.22197750354007,22.24461000337118|114.22191481377303,22.244570569466333|114.22188246842984,22.244547620252447|114.221734235989,22.2446766166736"
place-1791028289870-27,鴨脷洲鴨脷洲海傍道,,114.16073563450641,22.238843546945162,photo|view,1,,-1,
place-1791028289870-28,芝加哥大學香港校園,,114.1174753,22.275152,view,0,,-1,
cyberport-rd,數碼港道,,114.13213324922685,22.254607038616143,tag-1791089795322|sunset|view,2,,0,"114.133146,22.252854|114.13306,22.252831|114.132989,22.252818|114.13291,22.252811|114.132826,22.25281|114.132728,22.252818|114.132637,22.252833|114.132531,22.252865|114.132436,22.252905|114.132354,22.252952|114.13228,22.253005|114.132234,22.253046|114.132208,22.253069|114.132149,22.253131|114.132096,22.253205|114.132045,22.253295|114.132005,22.253389|114.131978,22.253489|114.131967,22.253582|114.131965,22.253675|114.131975,22.253771|114.131997,22.253891|114.13213324922685,22.254607038616143"
stanley-main-street,赤柱大街,,114.21107269999999,22.2186265,view|eat|sea,0,,-1,
chung-hom-kok-battery,舂坎角炮台,,114.1982159,22.2104189,sea|small-road,1,,-1,
place-1791028289870-30,聖士提反灣,,114.21465409999999,22.2118455,photo|sunset|sea|view,0,,-1,
sunny-bay-beach,欣澳海濱長廊,,114.02778471260547,22.333005727605098,sea|small-road|photo|view,1,,0,"114.009618,22.32386|114.009667,22.32378|114.009724,22.323742|114.009773,22.323748|114.009873,22.32376|114.010623,22.32399|114.010686,22.324035|114.010718,22.324089|114.01072,22.324159|114.010457,22.324801|114.010422,22.324867|114.010395,22.324905|114.010331,22.32491|114.010238,22.324883|114.010158,22.324851|114.009449,22.324591|114.009402,22.324597|114.009355,22.324618|114.00927,22.32477|114.0098,22.324806|114.009876,22.324819|114.009949,22.32486|114.009973,22.324888|114.010089,22.325024|114.010156,22.325033|114.01075,22.325041|114.011032,22.325101|114.011295,22.325169|114.011523,22.325271|114.011627,22.325354|114.011723,22.32546|114.011731,22.325475|114.011795,22.325586|114.01184,22.325698|114.011864,22.325696|114.012002,22.325677|114.012094,22.325642|114.012158,22.325598|114.012278,22.325436|114.01236,22.325354|114.012445,22.325312|114.01246,22.325311|114.012549,22.325306|114.012623,22.325313|114.013003,22.325355|114.01351,22.325409|114.01397,22.32544|114.014224,22.325451|114.0148,22.325447|114.015212,22.325441|114.015806,22.325409|114.015884,22.325395|114.015992,22.325377|114.016531,22.325344|114.017707,22.325269|114.018386,22.325263|114.018955,22.325295|114.020284,22.325532|114.020334,22.325543|114.020669,22.325616|114.021003,22.325683|114.021212,22.325725|114.022036,22.326017|114.022457,22.326191|114.022993,22.326471|114.02394,22.327031|114.02455,22.327485|114.024882,22.327761|114.025241,22.328097|114.026089,22.329007|114.026665,22.329679|114.027179,22.330268|114.027445,22.330588|114.027497,22.330667|114.027574,22.330959|114.027679,22.331358|114.027837,22.332012|114.027834,22.332151|114.027797,22.332286|114.027786,22.332315|114.027603,22.332599|114.027574,22.332695|114.02759,22.33281|114.027658,22.332889|114.02778471260547,22.333005727605098"
place-1791028289870-31,石澳泳灘,,114.250855,22.229345,view|sea|sunrise,0,,0,"114.228367,22.257167|114.22848,22.257141|114.228557,22.257126|114.228657,22.257106|114.228731,22.257082|114.228775,22.257066|114.228838,22.257038|114.228882,22.257014|114.228922,22.256991|114.228955,22.256971|114.229152,22.256834|114.2293,22.256731|114.22946,22.25662|114.229512,22.256587|114.229579,22.256555|114.22964,22.25653|114.229707,22.256509|114.229909,22.256458|114.22995,22.256445|114.229987,22.256431|114.230022,22.256414|114.230057,22.256395|114.230105,22.256359|114.230134,22.256329|114.230166,22.256289|114.230195,22.256251|114.230285,22.256118|114.230333,22.256054|114.23035,22.256026|114.230428,22.255897|114.230475,22.255824|114.230502,22.255763|114.230517,22.255713|114.230518,22.255684|114.230516,22.255635|114.230464,22.25545|114.230451,22.255384|114.230443,22.255327|114.230432,22.255192|114.230432,22.255131|114.230436,22.255067|114.230441,22.255012|114.230477,22.254816|114.230483,22.254763|114.230484,22.254703|114.23047,22.253779|114.230442,22.252656|114.23043,22.252463|114.23041,22.252231|114.230404,22.252182|114.230395,22.252128|114.230319,22.251713|114.23031,22.251652|114.230304,22.251591|114.230302,22.251552|114.230303,22.25151|114.230307,22.25146|114.230359,22.251069|114.230367,22.250981|114.230371,22.250902|114.230371,22.25081|114.230364,22.250448|114.230357,22.250341|114.230351,22.250285|114.230341,22.250219|114.230309,22.250054|114.230296,22.249998|114.230153,22.249479|114.230144,22.24944|114.230138,22.249394|114.230137,22.249363|114.230139,22.249329|114.230144,22.2493|114.230151,22.249274|114.230162,22.249246|114.230179,22.24921|114.230199,22.249178|114.230222,22.249145|114.230245,22.249122|114.230272,22.249099|114.230303,22.249076|114.23034,22.249055|114.230373,22.249039|114.230405,22.249027|114.230447,22.249015|114.230502,22.249002|114.230655,22.248972|114.230724,22.248957|114.230783,22.248942|114.230848,22.248923|114.23091,22.248904|114.230975,22.24888|114.231048,22.248848|114.231465,22.248646|114.231516,22.248625|114.231569,22.248605|114.231624,22.248587|114.231684,22.24857|114.231793,22.248544|114.231848,22.248532|114.231911,22.248521|114.23249,22.248444|114.23254,22.248435|114.23259,22.248425|114.232655,22.248406|114.232719,22.248379|114.232788,22.248346|114.232861,22.248306|114.232899,22.24828|114.232934,22.248253|114.232977,22.248218|114.233335,22.24791|114.233368,22.247879|114.233395,22.247851|114.233419,22.247823|114.233439,22.247797|114.233459,22.247766|114.233478,22.247733|114.233501,22.247687|114.233525,22.247628|114.233577,22.247481|114.233592,22.247443|114.233612,22.247405|114.233632,22.247372|114.233658,22.247334|114.233682,22.247303|114.233709,22.247272|114.233736,22.247243|114.233766,22.247213|114.233803,22.247181|114.233833,22.247157|114.233872,22.24713|114.234043,22.24702|114.234082,22.246995|114.234122,22.246965|114.234162,22.24693|114.2342,22.246894|114.234236,22.246855|114.234264,22.24682|114.234287,22.246785|114.234317,22.246732|114.234345,22.246677|114.234372,22.246612|114.234394,22.246543|114.234411,22.246477|114.234557,22.245928|114.234591,22.245808|114.234803,22.24515|114.234842,22.24505|114.234885,22.244958|114.234934,22.244873|114.23498,22.244807|114.235029,22.244743|114.235083,22.244679|114.23518,22.24457|114.235242,22.244493|114.2353,22.244415|114.235329,22.244364|114.235354,22.244316|114.235378,22.244261|114.2354,22.244206|114.23542,22.244149|114.235493,22.2439|114.235512,22.243844|114.235532,22.243798|114.235558,22.24375|114.235596,22.243689|114.235635,22.243638|114.235673,22.243594|114.235719,22.243549|114.235753,22.243521|114.235784,22.2435|114.235821,22.24348|114.235861,22.243462|114.235901,22.243448|114.235949,22.243439|114.235999,22.243435|114.236097,22.243431|114.23654,22.243427|114.236591,22.243428|114.236626,22.243431|114.236655,22.243437|114.236685,22.243449|114.236715,22.243465|114.236751,22.243487|114.236996,22.24366|114.237027,22.243679|114.237059,22.243696|114.237094,22.243707|114.23713,22.243712|114.237173,22.243712|114.237209,22.243708|114.237252,22.243698|114.237292,22.243684|114.237324,22.243668|114.237349,22.24365|114.237377,22.243624|114.237395,22.243606|114.237413,22.243582|114.237429,22.243558|114.23744,22.243533|114.23745,22.243499|114.237468,22.243411|114.237475,22.243382|114.237486,22.243351|114.237498,22.243324|114.237511,22.243298|114.237525,22.243275|114.237541,22.243254|114.237558,22.243234|114.237577,22.243214|114.237599,22.243194|114.237624,22.243175|114.237648,22.243159|114.23767,22.243147|114.237787,22.24309|114.237833,22.243065|114.237871,22.243042|114.237913,22.243015|114.237952,22.242988|114.237992,22.242957|114.238027,22.242927|114.238058,22.242897|114.238084,22.242868|114.238112,22.242832|114.238135,22.242799|114.238158,22.242761|114.238177,22.242722|114.238194,22.242683|114.238209,22.24264|114.238218,22.242602|114.23824,22.242486|114.238252,22.242437|114.238264,22.242391|114.238278,22.242348|114.238293,22.242307|114.23831,22.242268|114.238372,22.242141|114.238392,22.242095|114.238406,22.242055|114.238414,22.242026|114.238419,22.241999|114.23842,22.24197|114.23842,22.241935|114.238418,22.241902|114.238412,22.241872|114.238402,22.24184|114.238384,22.241801|114.238361,22.241762|114.23834,22.241733|114.238313,22.241703|114.238278,22.241673|114.23824,22.241646|114.238199,22.241622|114.238154,22.241599|114.238066,22.241559|114.23802,22.241536|114.237977,22.241511|114.237944,22.241488|114.237918,22.241466|114.237894,22.241443|114.237872,22.241417|114.237852,22.241389|114.237828,22.24135|114.237806,22.241311|114.237785,22.241271|114.237767,22.24123|114.23767,22.24099|114.237653,22.240945|114.237639,22.240897|114.237627,22.240839|114.237618,22.240779|114.237612,22.240721|114.237609,22.240663|114.237611,22.2406|114.237617,22.240535|114.237625,22.240468|114.237638,22.240395|114.237651,22.240333|114.237664,22.240281|114.237678,22.240231|114.237694,22.240186|114.23771,22.240146|114.237729,22.240103|114.237754,22.240056|114.238213,22.239235|114.238234,22.239189|114.23825,22.239148|114.238261,22.239101|114.238271,22.239048|114.238274,22.239003|114.238273,22.238963|114.238267,22.238926|114.238257,22.238886|114.238067,22.238311|114.238033,22.238197|114.238007,22.238096|114.237986,22.237992|114.237967,22.237891|114.237948,22.237718|114.237944,22.237571|114.237946,22.237464|114.237958,22.2373|114.237969,22.2372|114.237986,22.237101|114.238051,22.236767|114.23806,22.236726|114.238082,22.236623|114.238108,22.236523|114.238134,22.236436|114.238171,22.236333|114.238244,22.236163|114.238308,22.236037|114.238399,22.235882|114.238909,22.235086|114.238988,22.234976|114.239088,22.234851|114.239156,22.234776|114.239219,22.234709|114.239294,22.234636|114.239457,22.234491|114.239523,22.234424|114.239572,22.234365|114.239621,22.234296|114.239674,22.23421|114.239703,22.234153|114.239739,22.23407|114.239891,22.233673|114.240219,22.232854|114.240239,22.2328|114.240265,22.232714|114.240286,22.232625|114.240304,22.232525|114.240325,22.232382|114.240337,22.232264|114.24034,22.232199|114.240342,22.231688|114.240344,22.231367|114.240342,22.231311|114.240337,22.231233|114.240331,22.231171|114.240319,22.231105|114.240303,22.231033|114.240284,22.230969|114.240262,22.23091|114.240231,22.230841|114.240199,22.230778|114.240171,22.230732|114.240146,22.230693|114.240119,22.230654|114.240093,22.230621|114.240062,22.230584|114.240027,22.230546|114.239987,22.230505|114.239707,22.230237|114.239661,22.230188|114.239634,22.230157|114.239604,22.230116|114.239576,22.230073|114.239552,22.230031|114.239533,22.229992|114.239519,22.229958|114.239507,22.229925|114.239497,22.229895|114.239483,22.229841|114.239476,22.22981|114.239473,22.229782|114.239471,22.229746|114.239472,22.229701|114.239474,22.229651|114.239478,22.22961|114.239485,22.229571|114.239496,22.229524|114.239562,22.229285|114.239573,22.229242|114.23958,22.229203|114.239583,22.22917|114.239586,22.229134|114.239585,22.229098|114.239582,22.229063|114.239575,22.229019|114.239566,22.228974|114.239552,22.228927|114.239527,22.228862|114.239508,22.228821|114.239434,22.228686|114.239413,22.228642|114.239396,22.228598|114.239383,22.228551|114.239371,22.228499|114.239363,22.228441|114.239357,22.228374|114.239356,22.22831|114.239359,22.228243|114.239364,22.228198|114.239374,22.228143|114.239396,22.228061|114.239704,22.22709|114.239931,22.226466|114.239958,22.226405|114.239996,22.226331|114.240032,22.226274|114.240073,22.226215|114.240368,22.225807|114.240437,22.22572|114.240565,22.225574|114.240634,22.225501|114.240756,22.225385|114.240898,22.225259|114.241015,22.225162|114.241117,22.225084|114.241226,22.225007|114.241325,22.22494|114.241484,22.224843|114.241586,22.224786|114.242132,22.2245|114.242191,22.224471|114.242242,22.224449|114.242308,22.224425|114.242393,22.224399|114.242484,22.224377|114.242562,22.224363|114.242645,22.224355|114.24272,22.224352|114.2428,22.224353|114.2429,22.224361|114.243,22.224375|114.243096,22.224395|114.243188,22.224424|114.243294,22.224465|114.243379,22.224506|114.243439,22.224541|114.243489,22.224574|114.243574,22.224636|114.243644,22.224698|114.243697,22.224752|114.243745,22.224807|114.243938,22.225055|114.244575,22.225873|114.244638,22.22595|114.2448,22.226135|114.244841,22.226181|114.245078,22.226434|114.245106,22.226465|114.245126,22.226489|114.245147,22.226519|114.245165,22.226549|114.245194,22.2266|114.245209,22.226623|114.245228,22.226647|114.245249,22.226671|114.245276,22.226698|114.245304,22.226721|114.245337,22.226743|114.245373,22.226762|114.245408,22.226779|114.245635,22.226865|114.245699,22.226892|114.245776,22.226927|114.245841,22.226963|114.245926,22.227021|114.245991,22.227073|114.246057,22.227128|114.246647,22.227692|114.246711,22.227758|114.246746,22.227798|114.246775,22.227839|114.246811,22.227896|114.246837,22.227949|114.24686,22.228004|114.246886,22.228081|114.246899,22.228134|114.246911,22.228203|114.246913,22.228222|114.246916,22.228266|114.246913,22.228312|114.246901,22.228369|114.246879,22.228421|114.246848,22.228468|114.246824,22.228494|114.246799,22.228517|114.246772,22.228538|114.246741,22.228558|114.246705,22.228575|114.246665,22.22859|114.246625,22.228599|114.246559,22.228611|114.246513,22.228622|114.246458,22.228641|114.246419,22.228659|114.246386,22.228678|114.24636,22.228695|114.246339,22.228713|114.246318,22.228733|114.246298,22.228758|114.246279,22.228785|114.246265,22.228811|114.246254,22.228835|114.246243,22.228867|114.246235,22.228901|114.24623,22.228937|114.246229,22.228971|114.246231,22.229011|114.246236,22.229048|114.246244,22.22908|114.24626,22.229123|114.246284,22.229173|114.246422,22.229425|114.246499,22.229578|114.246547,22.229686|114.246593,22.229806|114.246614,22.22987|114.246632,22.229939|114.246722,22.230388|114.246837,22.230967|114.246855,22.231036|114.246877,22.231104|114.246897,22.231152|114.246922,22.231203|114.246953,22.231258|114.246982,22.2313|114.247124,22.231478|114.247163,22.231531|114.247197,22.23158|114.24723,22.231635|114.247258,22.231687|114.247284,22.231744|114.247301,22.231793|114.247322,22.231862|114.247338,22.231934|114.247344,22.231988|114.24734,22.232119|114.247317,22.232333|114.247314,22.232439|114.24732,22.232532|114.247331,22.232608|114.247349,22.232708|114.247549,22.233505|114.247625,22.233808|114.247917,22.234973|114.247955,22.235128|114.248309,22.236681|114.248327,22.236748|114.248352,22.236825|114.248384,22.236911|114.248422,22.237007|114.248489,22.237164|114.248506,22.237194|114.248526,22.237225|114.248568,22.237262|114.248618,22.237288|114.248655,22.237241|114.248683,22.237197|114.248694,22.237168|114.248701,22.237137|114.248707,22.237096|114.248886,22.235214|114.248943,22.234618|114.248952,22.23448|114.248954,22.234346|114.248948,22.23422|114.248841,22.23321|114.248837,22.233115|114.248837,22.233023|114.248845,22.232936|114.24886,22.232856|114.248882,22.232772|114.248918,22.23267|114.248959,22.232565|114.248994,22.232489|114.249031,22.232425|114.249182,22.232221|114.249288,22.232117|114.250544,22.231066|114.250885,22.230785|114.251026,22.230663|114.251123,22.230571|114.251278,22.230412|114.251325,22.230349|114.251375,22.230281|114.251444,22.230152|114.251421,22.230065|114.251394,22.23002|114.251352,22.229983|114.251205,22.229907|114.251241,22.229811|114.251242,22.229795|114.251239,22.229778|114.251232,22.229764|114.25122,22.229753|114.250855,22.22952|114.250855,22.229345"
lau-fau-shan-mudflat,流浮山泥灘,,113.9415626,22.428948899999998,view|small-road|sunset|sea,-1,,-1,
nim-wan-road-seawall,稔灣路海堤,,113.9498694,22.4413709,view|photo|sunset|sea|nightview|small-road,0,,-1,
tai-mo-shan-lookout,大帽山瞭望台,,114.1166753,22.4119977,view|small-road|sunset|nightview,1,,-1,
lantau-link-viewing-platform,青嶼幹線觀景台,,114.0809939,22.3579391,sunset|view,0,,-1,
hill-road-flyover,山道天橋,,114.1358017,22.2852949,view|sea|nightview,2,,-1,
victoria-peak-lookout-point,太平山瞭望點,,114.1423454,22.2739191,sunset|sea|view,0,,-1,
place-1791028289871,香港摩天輪,,114.16172209999999,22.285285899999998,photo|view|sea,0,,-1,
arabica,堅尼地城海旁 ⋅ % Arabica,,114.12665424416929,22.28375372033406,photo|view|coffee|sea,0,,0,"114.125899,22.283137|114.125844,22.283433|114.125828,22.283521|114.125832,22.283554|114.125843,22.283582|114.125871,22.283619|114.125918,22.283641|114.125958,22.283648|114.126487,22.283735|114.126542,22.283744|114.12665424416929,22.28375372033406"
halfway-coffee-the-peak,Halfway Coffee (山頂),,114.1515335,22.26859,coffee,0,,-1,
barker-road-viewing-point,白加道觀景點,,114.157641,22.2712415,photo|view|nightview,0,,-1,
place-1791028289871-2,馬頭角公眾碼頭,,114.1943565,22.318392499999998,sea|view,0,,-1,
place-1791028289871-3,9號仔 ⋅ 青衣昂船洲橋底,,114.1147723,22.328360999999997,sea|small-road|view,-1,,-1,
place-1791028289871-4,關帝廟,,114.2071369,22.5205845,photo|small-road,1,,-1,
place-1791028289871-5,鹿頸直升機坪,,114.2117059,22.5113788,small-road|challenge|photo,-1,,-1,
place-1791028289871-6,寶琳南路,有條河仔,114.24962619777068,22.309190836558983,small-road,-1,,0,"114.252768,22.317517|114.25277,22.317436|114.252775,22.317215|114.252792,22.317178|114.252823,22.317148|114.252864,22.317132|114.253007,22.317121|114.253157,22.317108|114.253822,22.317044|114.253876,22.317039|114.254027,22.317025|114.254175,22.317015|114.254499,22.316965|114.254551,22.316948|114.254582,22.316927|114.254605,22.316899|114.254624,22.316867|114.25475,22.316564|114.25483,22.31632|114.255057,22.315622|114.255227,22.315148|114.255291,22.315023|114.255352,22.31494|114.255432,22.314859|114.255481,22.314796|114.255542,22.314666|114.255563,22.314576|114.255563,22.314449|114.255559,22.314242|114.255559,22.314028|114.255545,22.313899|114.255528,22.313736|114.255496,22.313588|114.255468,22.313493|114.25545,22.313386|114.255464,22.313274|114.255493,22.313185|114.255494,22.313086|114.255495,22.312959|114.255419,22.312841|114.255402,22.312805|114.255318,22.312647|114.25526,22.312437|114.255249,22.312333|114.255184,22.312206|114.255158,22.312076|114.255082,22.312|114.255036,22.311914|114.254785,22.311595|114.25469,22.311445|114.254656,22.3113|114.254626,22.31119|114.254596,22.310876|114.254593,22.31085|114.25455,22.310414|114.254536,22.310334|114.254495,22.310236|114.25444,22.310155|114.254307,22.310061|114.2543,22.310058|114.254234,22.310031|114.253989,22.309946|114.253828,22.309913|114.253477,22.30981|114.252933,22.309664|114.252729,22.309484|114.252546,22.309378|114.252417,22.309314|114.252009,22.309107|114.251833,22.308987|114.251709,22.308931|114.251679,22.308917|114.251519,22.308917|114.251182,22.308996|114.251008,22.309085|114.250955,22.309129|114.250886,22.30921|114.250664,22.309432|114.250563,22.309452|114.25042,22.309359|114.250333,22.309363|114.250266,22.309412|114.25017,22.309401|114.250015,22.309301|114.249913,22.309214|114.249808,22.309166|114.249698,22.309197|114.24962619777068,22.309190836558983"
tate-s-cairn-meteorological-station-hong-kong-observatory,大老山氣象站,,114.2177746,22.3577642,small-road|view,1,,-1,
place-1791028289871-7,青馬大橋橋底 ⋅ 青衣西草灣,,114.08345001022315,22.352325131255384,photo|view,1,,-1,
place-1791028289871-8,清水灣半島迴旋處,,114.2667345,22.3059369,sea|view|photo,1,,-1,
place-1791028289871-9,荃灣華人永遠墳場,,114.1159548,22.3591941,new,-1,,-1,
place-1791028289871-10,清水灣百花林路,盡頭有間古宅,114.2304406,22.342475399999998,photo|small-road|challenge,1,,-1,
place-1791028289871-11,小欖海灘,,114.0102459,22.3648951,tag-1791088785064|small-road|view|sea,1,,-1,
tkohp-cafe,將軍澳風物汛 ⋅ TKOHP Cafe,,114.2515626,22.3091908,eat|coffee|view|small-road,1,,-1,
place-1791028289871-12,香港風帆訓練協會,,114.28829995990736,22.319796176395954,sea|photo|view,1,,-1,
place-1791028289871-13,汀九樓梯打卡位 ⋅ 青山公路,,114.0842682,22.3681879,photo|view|nightview,0,,-1,
pineapple-hill-por-lo-shan,菠蘿山 ⋅ 良田坳,石屎路,113.95303984454353,22.406569751192052,small-road|photo|view,1,,0,"113.963452,22.405588|113.963407,22.405601|113.963371,22.405609|113.963314,22.405619|113.963255,22.405627|113.963131,22.405621|113.963077,22.405614|113.963013,22.405597|113.962952,22.40557|113.962898,22.405535|113.96285,22.405492|113.96281,22.405442|113.962682,22.40529|113.962684,22.405274|113.96268,22.405259|113.962672,22.405245|113.962659,22.405234|113.962644,22.405228|113.962627,22.405226|113.962473,22.405046|113.962145,22.404659|113.962026,22.404523|113.961912,22.404383|113.961804,22.40424|113.9617,22.404094|113.961617,22.403985|113.96153,22.40388|113.961434,22.403773|113.961376,22.403747|113.961314,22.403738|113.961252,22.403747|113.961195,22.403771|113.96109,22.403859|113.960678,22.404317|113.96062,22.404376|113.960595,22.404399|113.960558,22.404432|113.960492,22.404484|113.960422,22.404532|113.960349,22.404576|113.960274,22.404615|113.959972,22.404759|113.959929,22.40479|113.959896,22.404828|113.959872,22.404872|113.959861,22.40492|113.959861,22.404931|113.959577,22.404934|113.959494,22.404918|113.959304,22.404778|113.958996,22.404635|113.95848,22.404639|113.958185,22.404589|113.957999,22.404598|113.95758050998569,22.40463391413718|113.957145291095,22.404464239403794|113.95664046868501,22.404316061524298|113.95643963277917,22.403959258841397|113.95629222817774,22.403830507275913|113.95603837252713,22.40380705885549|113.95557384181427,22.404200349617724|113.95526122269251,22.40456619574701|113.9544907782946,22.404901751596114|113.95440152962902,22.40506282931534|113.95388621205745,22.40488069741417|113.95366719871134,22.404938338785342|113.95349799114547,22.405469246661667|113.95308981233228,22.40575191277867|113.9531259583564,22.40607804116081|113.95307356990219,22.40608203436605|113.9529560217818,22.406089641722104|113.95262105868704,22.405971792000827|113.95256281439754,22.406015085952546|113.95256839700136,22.406046615229187|113.95259462934115,22.406091629792698|113.95286742357735,22.40642358626559|113.95302207368928,22.406578255802586|113.95303984454353,22.406569751192052"
place-1791028289871-14,龍蝦灣風箏場,,114.3038734,22.3091296,new,-1,,-1,
place-1791028289871-15,大嶼山深水角徑,,113.9956211,22.3149032,new,-1,,-1,
place-1791028289871-16,石蓮路,,114.1516171,22.445844899999997,new,-1,,-1,
place-1791028289871-17,城門水塘副堤壩,,114.14383869999999,22.3798604,view|small-road,1,,-1,
place-1791028289871-18,小棕林海灘,,114.2855043,22.320339999999998,new,-1,,-1,
place-1791028289871-19,糖宮甜品專門店,,114.178698,22.3766966,eat,0,,-1,
dog99-coffee,Dog99 Coffee,,114.1659097,22.3293236,coffee,0,,-1,
ma-liu-shui-landing-no-1,馬料水1號碼頭,,114.2143785,22.413825199999998,sea|view,1,,-1,
junk-bay-chinese-permanent-cemetery,將軍澳華人永遠墳場,留意開門時間,114.24881592446184,22.296489570311877,view|sea|small-road,1,,0,"114.241279,22.295205|114.24126,22.295151|114.241217,22.295095|114.241198,22.295053|114.241163,22.294968|114.241149,22.294928|114.241139,22.294888|114.241131,22.294844|114.241128,22.294807|114.241129,22.29477|114.241133,22.294736|114.241138,22.294707|114.241147,22.294677|114.241177,22.294591|114.241191,22.294556|114.24123,22.294473|114.241239,22.29445|114.241247,22.294425|114.241265,22.294361|114.241278,22.294317|114.241283,22.294292|114.241285,22.294268|114.241283,22.294246|114.241278,22.294222|114.24125,22.294127|114.241243,22.294095|114.24124,22.294068|114.241241,22.294043|114.241247,22.294014|114.241259,22.293981|114.241276,22.293947|114.241296,22.293918|114.241321,22.293889|114.241391,22.293818|114.241413,22.293794|114.241437,22.293763|114.241456,22.293734|114.241476,22.293692|114.241491,22.293647|114.2415,22.293602|114.241502,22.293555|114.241499,22.293505|114.241492,22.293464|114.241478,22.29342|114.241461,22.293383|114.241441,22.293351|114.241418,22.293319|114.241396,22.293295|114.241371,22.293273|114.241346,22.293255|114.241289,22.293217|114.24126,22.293197|114.241228,22.29317|114.241205,22.293145|114.241187,22.293119|114.241169,22.293088|114.241152,22.293055|114.241139,22.293024|114.241132,22.292997|114.24113,22.29297|114.241132,22.292942|114.24114,22.29291|114.24117,22.2928|114.241177,22.292767|114.24118,22.292734|114.24118,22.292702|114.241177,22.292664|114.241171,22.292629|114.24116,22.292592|114.241146,22.292557|114.241129,22.292525|114.241108,22.292493|114.241091,22.29247|114.241072,22.292446|114.24105,22.292424|114.24099,22.29237|114.240967,22.292347|114.240943,22.29232|114.240928,22.2923|114.240916,22.292277|114.240905,22.292252|114.240897,22.292225|114.24089,22.292196|114.240885,22.292166|114.240881,22.292134|114.24088,22.292097|114.240881,22.292063|114.240883,22.292037|114.240889,22.29201|114.24091,22.291949|114.240921,22.291921|114.240934,22.291894|114.240967,22.291834|114.240982,22.291801|114.240996,22.291764|114.241008,22.291724|114.241017,22.291683|114.241028,22.291612|114.24103,22.291548|114.241045,22.291473|114.241063,22.291424|114.24108,22.291386|114.241102,22.29135|114.241124,22.291325|114.241146,22.291302|114.241189,22.291263|114.241209,22.291243|114.241224,22.291225|114.24124,22.291205|114.241261,22.291172|114.24128,22.291137|114.241294,22.291105|114.241305,22.291069|114.241313,22.291035|114.241318,22.290997|114.241319,22.290963|114.241317,22.290925|114.241312,22.290893|114.241301,22.290857|114.24127,22.290774|114.241261,22.290747|114.241251,22.290682|114.241268,22.290594|114.241285,22.290555|114.241334,22.290483|114.241416,22.290416|114.241435,22.290397|114.241454,22.290374|114.241474,22.290344|114.241488,22.290316|114.241503,22.290284|114.241514,22.290251|114.241521,22.290221|114.241524,22.290188|114.241524,22.290156|114.241521,22.29013|114.241516,22.290102|114.241509,22.29006|114.241499,22.290027|114.241486,22.290001|114.241472,22.289976|114.241441,22.289928|114.241424,22.289896|114.24141,22.289864|114.241398,22.289829|114.241388,22.289795|114.241383,22.289764|114.241379,22.289731|114.241377,22.289694|114.241379,22.289649|114.241385,22.289608|114.241395,22.289574|114.241408,22.289537|114.241425,22.289499|114.241445,22.289463|114.241468,22.28943|114.241494,22.289398|114.241525,22.289366|114.241554,22.289339|114.241582,22.289318|114.241615,22.289295|114.241708,22.289235|114.24177,22.289194|114.241974,22.289053|114.24207,22.288987|114.242107,22.288963|114.242141,22.288943|114.242174,22.288926|114.242214,22.288911|114.242252,22.288901|114.242295,22.288896|114.242334,22.288895|114.242372,22.288897|114.242409,22.288904|114.242443,22.288914|114.242477,22.288927|114.24251,22.288943|114.24255,22.288969|114.242578,22.288993|114.242606,22.289021|114.242627,22.289048|114.242648,22.28908|114.242664,22.289115|114.242675,22.289144|114.242682,22.289172|114.242686,22.289197|114.242687,22.289219|114.242687,22.289283|114.242689,22.289318|114.242694,22.289354|114.242704,22.289394|114.24272,22.289438|114.242737,22.289475|114.242757,22.289511|114.242781,22.289545|114.242805,22.289576|114.242832,22.289603|114.242864,22.28963|114.242889,22.28965|114.242928,22.289677|114.242954,22.289698|114.242982,22.289722|114.243013,22.289751|114.243044,22.289783|114.243077,22.289821|114.24311,22.289863|114.243141,22.289907|114.243164,22.289946|114.243181,22.28998|114.243194,22.290015|114.243204,22.290049|114.243364,22.29078|114.243371,22.290803|114.243383,22.290829|114.243396,22.290846|114.243411,22.290865|114.243444,22.290899|114.243464,22.290923|114.24348,22.290947|114.243493,22.290973|114.243504,22.290998|114.243513,22.291023|114.243518,22.291049|114.243522,22.291081|114.243527,22.291144|114.243531,22.291173|114.243538,22.291203|114.243548,22.291231|114.243559,22.291255|114.243573,22.291281|114.243589,22.291303|114.243606,22.291325|114.243632,22.291352|114.243662,22.291377|114.243695,22.291402|114.24416,22.291722|114.244193,22.291743|114.24423,22.291763|114.244257,22.291775|114.244289,22.291786|114.244342,22.291802|114.24438,22.291811|114.24442,22.291816|114.244452,22.291816|114.244516,22.291811|114.244557,22.29181|114.244589,22.291814|114.244623,22.291823|114.244654,22.291836|114.24469,22.291854|114.244721,22.291877|114.244792,22.291942|114.244822,22.291966|114.244858,22.291992|114.244965,22.292058|114.245054,22.292109|114.2451,22.292134|114.245206,22.292184|114.245282,22.292215|114.245346,22.292237|114.245417,22.292268|114.245453,22.292297|114.24548,22.292327|114.245514,22.292357|114.245568,22.292383|114.245628,22.292402|114.245763,22.292431|114.245871,22.292447|114.245878,22.292499|114.245886,22.29255|114.245896,22.292592|114.245916,22.292649|114.245934,22.292691|114.245949,22.292721|114.246024,22.292883|114.246033,22.2929|114.246057,22.292949|114.24627,22.293372|114.246347,22.293488|114.246409,22.293582|114.246515,22.293726|114.246613,22.293849|114.246667,22.293917|114.246701,22.293989|114.246709,22.294035|114.246713,22.294082|114.246707,22.294119|114.246697,22.294157|114.246667,22.294199|114.246632,22.294234|114.246491,22.294326|114.246419,22.294373|114.246028,22.294925|114.245985,22.295004|114.245983,22.295113|114.245997,22.295241|114.246004,22.295259|114.246104,22.295525|114.246166,22.295606|114.246185,22.295632|114.246277,22.295691|114.246623,22.295809|114.247044,22.295952|114.247182,22.296017|114.247272,22.296077|114.247327,22.29613|114.247366,22.296174|114.247398,22.296222|114.247443,22.296362|114.247442,22.296442|114.247353,22.296616|114.24722,22.296854|114.247194,22.296931|114.247156,22.297095|114.247185,22.297213|114.247262,22.297527|114.247296,22.297592|114.247345,22.297664|114.247394,22.297718|114.247444,22.297778|114.247581,22.297826|114.247726,22.297831|114.247799,22.29782|114.248047,22.297775|114.248249,22.297786|114.24843,22.297859|114.248553,22.297987|114.248853,22.298298|114.248862,22.298307|114.24898,22.298416|114.249145,22.2985|114.249298,22.298506|114.249675,22.298368|114.250035,22.298218|114.250172,22.298069|114.250257,22.297976|114.250335,22.297891|114.250508,22.297702|114.250531,22.297669|114.250551,22.297634|114.250563,22.297592|114.25057,22.297556|114.250566,22.297513|114.250559,22.297473|114.25054,22.297431|114.250518,22.297395|114.25048,22.297359|114.250429,22.297325|114.250366,22.2973|114.250297,22.297286|114.250232,22.297283|114.25017,22.29729|114.250143,22.297296|114.250123,22.297304|114.250053,22.297342|114.249815,22.297469|114.249654,22.297566|114.249619,22.297585|114.249582,22.2976|114.249539,22.297611|114.249495,22.297614|114.249444,22.29761|114.249403,22.297601|114.249368,22.297589|114.249335,22.297572|114.249307,22.297553|114.249282,22.297531|114.249257,22.297506|114.249239,22.297479|114.249222,22.297449|114.249212,22.297422|114.249203,22.297386|114.249199,22.297352|114.2492,22.297316|114.249208,22.297277|114.24928,22.297016|114.249334,22.296821|114.249339,22.296785|114.249339,22.296753|114.249333,22.296722|114.24932,22.29669|114.249307,22.296664|114.249289,22.296637|114.249257,22.296608|114.249224,22.296584|114.249188,22.296566|114.249153,22.296555|114.249116,22.296549|114.249076,22.296549|114.249037,22.296556|114.24881592446184,22.296489570311877"
sam-ka-tsuen-landing-no-1,三家村一號登岸處,,114.233086,22.294638,photo|view|sea|sunset|nightview,1,,-1,
ngau-kwu-leng-hiking-trail,牛牯嶺遠足徑,,114.13491529999999,22.465037199999998,new,-1,,-1,
place-1791028289871-20,茂草岩,,114.2210776,22.3659887,new,-1,,-1,
fu-yung-pei-village,芙蓉皮村,,114.2182177,22.367920599999998,new,-1,,-1,
place-1791028289871-21,沙田觀坪路停車站,,114.2148603,22.3641386,new,-1,,-1,
place-1791028289871-22,元朗綠色隧道,,114.0321445,22.4344395,photo|new,-1,,-1,
sham-wat-rd,深屈道,,113.8901008,22.256453999999998,new|tag-1791091341845,-1,,-1,
tai-long-wan-beach,大浪灣泳灘,,113.8864875,22.2211174,new|tag-1791091341845,-1,,-1,
shek-pik-reservoir-observation-deck,石壁水塘觀景台,,113.8977058,22.226212099999998,new|tag-1791091341845,-1,,-1,
upper-cheung-sha-beach,上長沙泳灘,,113.9452125,22.2322994,new|tag-1791091341845,-1,,-1,
mui-wo-ferry-pier,梅窩渡輪碼頭,,114.00212499999999,22.265027999999997,new|tag-1791091341845,-1,,-1,
ngong-ping-village,昂坪市集,,113.9022318,22.2568782,new|tag-1791091341845,-1,,-1,
place-1791028289871-23,龍鼓灘,,113.91916379999999,22.390347199999997,sea|sunset|view|photo,-1,,-1,
place-1791028289871-25,北潭涌,,114.318637,22.3967876,small-road,0,,-1,
place-1791028289871-26,早禾坑碼頭,,114.2885361,22.392076499999998,photo|view|sea,1,,-1,
place-1791028289871-27,企嶺下山火瞭望台,,114.2707688,22.3998691,view|sea|small-road,1,,0,"114.273484,22.38863|114.273514,22.388694|114.273543,22.388729|114.273578,22.388759|114.273618,22.388782|114.27378,22.388871|114.27406,22.389026|114.274107,22.389049|114.274157,22.389066|114.274209,22.389076|114.274263,22.389079|114.274316,22.389075|114.274367,22.389064|114.274419,22.389057|114.27447,22.389059|114.274521,22.389067|114.27457,22.389083|114.274615,22.389106|114.275297,22.38974|114.275329,22.389779|114.275352,22.389823|114.275366,22.389865|114.275372,22.389908|114.275371,22.389952|114.275359,22.390305|114.275367,22.390397|114.275383,22.390463|114.275405,22.390528|114.275434,22.39059|114.2755,22.390707|114.275537,22.390766|114.275558,22.390839|114.275557,22.390914|114.275536,22.390987|114.275494,22.391052|114.275436,22.391104|114.275365,22.391141|114.275286,22.391159|114.275204,22.391157|114.275125,22.391136|114.274939,22.391017|114.274771,22.390918|114.274553,22.390791|114.274505,22.390782|114.274456,22.390781|114.274408,22.390788|114.274362,22.390802|114.274319,22.390823|114.274261,22.390868|114.274219,22.390926|114.274194,22.390993|114.274189,22.391031|114.274181,22.39118|114.274188,22.391285|114.274197,22.391475|114.274202,22.391559|114.274205,22.391619|114.274209,22.391949|114.274211,22.392083|114.274209,22.392242|114.274204,22.392335|114.274129,22.392574|114.274132,22.392846|114.274036,22.393193|114.273886,22.393471|114.273671,22.393788|114.273478,22.394046|114.273456,22.394383|114.273422,22.394619|114.273399,22.394797|114.27334,22.394938|114.273328,22.394964|114.273316,22.394984|114.273302,22.395003|114.273287,22.395022|114.273273,22.395037|114.273258,22.395051|114.27324,22.395065|114.273217,22.39508|114.273198,22.395092|114.273179,22.395102|114.273153,22.395114|114.273126,22.395128|114.273093,22.395147|114.273073,22.395161|114.273054,22.395176|114.273038,22.395192|114.273023,22.395209|114.273013,22.395222|114.273004,22.395236|114.272997,22.395252|114.272992,22.395268|114.272987,22.395287|114.272984,22.395305|114.272982,22.395327|114.272982,22.395351|114.272984,22.395378|114.27299,22.395405|114.272996,22.395428|114.273001,22.395444|114.273014,22.395476|114.273023,22.395493|114.273033,22.39551|114.273044,22.395526|114.273065,22.395554|114.273095,22.395588|114.273111,22.395605|114.273123,22.395616|114.273143,22.395634|114.273152,22.395644|114.27316,22.395655|114.273167,22.395665|114.273174,22.395679|114.273179,22.395694|114.273182,22.39571|114.273184,22.395729|114.273183,22.395742|114.27318,22.395757|114.273175,22.395767|114.273168,22.395778|114.273156,22.395788|114.273142,22.395798|114.273125,22.395807|114.273108,22.395813|114.273091,22.395817|114.273072,22.395818|114.273054,22.395816|114.273039,22.395812|114.273025,22.395806|114.272959,22.395774|114.272945,22.395768|114.272927,22.395763|114.272909,22.39576|114.272886,22.39576|114.272868,22.395764|114.272852,22.395771|114.272841,22.395777|114.272832,22.395784|114.272823,22.395794|114.272817,22.395806|114.272812,22.395818|114.272809,22.39583|114.272807,22.395848|114.272805,22.395894|114.272806,22.395939|114.272818,22.396057|114.272832,22.396156|114.272847,22.396231|114.272851,22.396249|114.272869,22.396316|114.272876,22.396338|114.272884,22.396357|114.272893,22.396377|114.272905,22.396396|114.272916,22.396411|114.272926,22.396422|114.272956,22.39645|114.272971,22.396464|114.272984,22.396481|114.272996,22.3965|114.273003,22.396517|114.273009,22.396535|114.273014,22.396554|114.273016,22.396574|114.273016,22.396592|114.273013,22.396612|114.273008,22.396628|114.272999,22.396646|114.272988,22.396662|114.272978,22.396675|114.272965,22.396686|114.272946,22.396698|114.272926,22.396708|114.272904,22.396716|114.272881,22.396721|114.272628,22.396755|114.272599,22.396758|114.272567,22.39676|114.272542,22.396759|114.272516,22.396756|114.272491,22.396752|114.272466,22.396745|114.272442,22.396738|114.272368,22.396705|114.272335,22.396692|114.272196,22.396645|114.272166,22.396632|114.272034,22.396568|114.272015,22.396561|114.271996,22.396555|114.271978,22.39655|114.271955,22.396547|114.271935,22.396547|114.271916,22.396549|114.271897,22.396552|114.271879,22.396558|114.271853,22.396567|114.271826,22.396579|114.271804,22.39659|114.271784,22.396601|114.271761,22.396616|114.271743,22.396629|114.271723,22.396647|114.271708,22.396663|114.271695,22.39668|114.271683,22.396699|114.271669,22.396726|114.271659,22.396749|114.271652,22.396773|114.271647,22.396794|114.271645,22.396842|114.271646,22.396871|114.271651,22.396899|114.271769,22.397178|114.271891,22.39743|114.271988,22.397627|114.272123,22.397808|114.272206,22.39785|114.272294,22.397878|114.272329,22.397919|114.272329,22.39796|114.27229,22.398011|114.272161,22.39806|114.272105,22.398066|114.272014,22.398067|114.271905,22.398088|114.27174,22.398137|114.271678,22.398135|114.271617,22.398113|114.271491,22.398048|114.27141,22.398018|114.271363,22.398008|114.271297,22.398005|114.271191,22.398021|114.27114,22.398017|114.27109,22.398|114.270925,22.397926|114.270843,22.3979|114.270782,22.397906|114.270739,22.397924|114.270702,22.397951|114.270681,22.398|114.270653,22.398112|114.270637,22.398296|114.270652,22.398902|114.270643,22.398944|114.270627,22.398969|114.270606,22.398993|114.270549,22.399037|114.270279,22.3992|114.270154,22.399267|114.270093,22.399315|114.270051,22.399364|114.26994,22.399537|114.269936,22.399575|114.26994,22.399619|114.269955,22.399661|114.269972,22.399687|114.270045,22.399771|114.270131,22.399824|114.270194,22.39991|114.270256,22.400059|114.270292,22.400101|114.270324,22.400127|114.270346,22.400153|114.270373,22.400206|114.270383,22.400288|114.27039,22.400373|114.270476,22.400469|114.27051,22.400469|114.270702,22.400285|114.2707688,22.3998691"
place-1791028289871-28,有利士多,,114.2989095,22.3928095,eat,0,,-1,
place-1791028289871-29,張記士多,,114.1820272,22.479668699999998,small-road|new,-1,,-1,
place-1791028289871-30,青衣青衣路,,114.09656403847436,22.330589555050423,small-road|nightview,2,,-1,
place-1791028289871-31,西貢南圍天后廟,,114.2599281,22.3551291,new|sea,-1,,-1,
place-1791028289871-32,大牛湖,,114.24482719999999,22.3289279,small-road,1,,-1,
place-1791028289871-33,很得輝,,113.9768553,22.396652,eat,0,,-1,
place-1791028289871-34,街童本色 ⋅ 壁畫,,113.9852614,22.4416919,photo|small-road,1,,-1,
place-1791028289871-35,南生圍,,114.03369916045881,22.45856122602403,photo|small-road|view,1,,-1,
cloudy-hill,九龍坑山,,114.16404296559699,22.486051590137762,challenge|small-road|view|photo,1,,0,"114.155359,22.480331|114.155389,22.480376|114.155454,22.480397|114.155614,22.480474|114.155719,22.480574|114.155813,22.480652|114.155853,22.480695|114.155896,22.480724|114.155911,22.480768|114.155987,22.480857|114.156011,22.480914|114.156047,22.480949|114.156054,22.480964|114.156065,22.480986|114.156071,22.481015|114.156157,22.481329|114.156214,22.481461|114.156281,22.481564|114.156375,22.481657|114.156479,22.481679|114.156567,22.481631|114.156613,22.481588|114.156671,22.481555|114.156798,22.481542|114.156918,22.481588|114.157,22.481643|114.157068,22.481728|114.157214,22.481912|114.157368,22.481996|114.157499,22.48201|114.15772,22.482069|114.157879,22.482163|114.158022,22.482292|114.15807,22.482332|114.158235,22.482431|114.15838,22.482545|114.158445,22.482656|114.158445,22.482775|114.158364,22.482922|114.158312,22.482972|114.158239,22.483017|114.158317,22.483073|114.158396,22.483107|114.158584,22.483131|114.158736,22.48315|114.158793,22.483189|114.15882,22.483238|114.158881,22.483494|114.158911,22.483657|114.158917,22.483738|114.158934,22.483818|114.159002,22.483955|114.159071,22.483994|114.159135,22.483986|114.159255,22.483936|114.15939,22.483879|114.159444,22.483882|114.159491,22.4839|114.159539,22.483956|114.159572,22.484014|114.159617,22.484096|114.159675,22.484149|114.159731,22.484199|114.159802,22.48423|114.159943,22.484282|114.159968,22.484294|114.160046,22.484364|114.160123,22.484415|114.160173,22.484467|114.1602,22.484521|114.160223,22.484573|114.160228,22.484626|114.160271,22.484729|114.160342,22.484864|114.160401,22.484988|114.160465,22.485065|114.160537,22.485136|114.160602,22.485175|114.160714,22.485173|114.160835,22.485216|114.160918,22.485243|114.160969,22.485271|114.160989,22.485288|114.161048,22.48536|114.161103,22.485454|114.161159,22.485494|114.161299,22.485542|114.161355,22.48563|114.161383,22.485738|114.161432,22.485882|114.161492,22.485959|114.161622,22.486096|114.161657,22.486144|114.161679,22.486212|114.16168,22.486293|114.161654,22.48648|114.161631,22.486572|114.161613,22.486674|114.161624,22.486754|114.161681,22.486843|114.161723,22.486908|114.161781,22.486928|114.161875,22.486926|114.161987,22.486914|114.162086,22.486965|114.162214,22.487082|114.162332,22.4872|114.162398,22.487273|114.162496,22.487478|114.16259,22.487609|114.162661,22.48774|114.162767,22.487818|114.162862,22.487877|114.163086,22.487989|114.16322,22.488068|114.163288,22.488109|114.163345,22.488134|114.163408,22.488141|114.163452,22.488106|114.163494,22.488048|114.163428,22.487634|114.163402,22.48741|114.163315,22.487244|114.163222,22.487079|114.16313,22.48696|114.16312,22.48693|114.163116,22.4869|114.163114,22.48685|114.163105,22.486809|114.163089,22.486767|114.16307,22.48673|114.16303,22.48666|114.163,22.4866|114.162985,22.486564|114.162975,22.486531|114.16297,22.486499|114.162969,22.48647|114.162974,22.486437|114.162985,22.48641|114.163001,22.48639|114.16303,22.48637|114.16307,22.486359|114.163171,22.486346|114.16322,22.486333|114.16333,22.486278|114.16336,22.486272|114.163399,22.486282|114.16349,22.486332|114.16353,22.486348|114.16357,22.48635|114.16362,22.486341|114.16366,22.486326|114.16369,22.486307|114.16373,22.48627|114.163768,22.486218|114.163824,22.486116|114.163872,22.486083|114.164008,22.486051|114.16404296559699,22.486051590137762"
place-1791028289871-36,大清停車場 ⋅ 清水灣二灘,,114.28703399999999,22.28765,,0,,-1,
place-1791028289871-37,望后石浩和街,,113.9495675,22.3608111,photo|view|sea,1,,-1,
sham-tseng-settlement-basin,深井沉澱池,,114.0534134,22.3709699,photo,1,,-1,
place-1791028289871-39,龍翔道眺望處,,114.1713497,22.342950599999998,photo|view|nightview,0,,-1,
place-1791028289871-40,南山白汁冰,,114.17014189999999,22.3329879,eat,1,,-1,
hung-hom-bypass,紅磡繞道,,114.18347869562149,22.299838926269786,nightview|sunset|view,2,,0,"114.183996,22.302269|114.184078,22.302277|114.184164,22.302222|114.184218,22.302184|114.184249,22.302159|114.184279,22.302131|114.184316,22.302088|114.18435,22.302041|114.184353,22.301955|114.184353,22.301643|114.184348,22.301514|114.184344,22.301419|114.184338,22.301349|114.184332,22.301288|114.184323,22.301212|114.184315,22.301146|114.184299,22.301056|114.184283,22.300971|114.184255,22.30085|114.184232,22.300758|114.184208,22.30068|114.184178,22.300595|114.184152,22.300528|114.184118,22.300457|114.184083,22.300391|114.184042,22.300325|114.183992,22.300254|114.183943,22.300192|114.183891,22.300136|114.183839,22.300084|114.183781,22.300033|114.183723,22.299986|114.18367,22.299947|114.183607,22.299907|114.183542,22.29987|114.18347869562149,22.299838926269786"
kai-tak-promenade,啟德海濱長廊迴旋處,,114.20981850472282,22.31459530971034,,0,,-1,
tour-bus-parking,郵輪碼頭 ⋅ 旅遊巴士停車場,,114.2134585,22.309277899999998,,0,,-1,
tai-hang-tun-kite-flying-area,大坑墩放風箏場,,114.30007379999999,22.2895085,,-1,,-1,
place-1791028289871-41,大清亭 ⋅ 布袋澳遠眺處,,114.2916305,22.2745653,photo|view|small-road|sea,1,,-1,
sam-ka-tsuen-pier,三家村碼頭,,114.2362766,22.2909152,photo|view|sunset|nightview,1,,-1,
kowloon-peak-viewing-point,飛鵝山觀景點,,114.22048116465419,22.353593851358326,photo|view|small-road|sunset|nightview,-1,,0,"114.225099,22.334216|114.225191,22.334271|114.225218,22.334285|114.225508,22.334336|114.225532,22.334346|114.225718,22.334436|114.226127,22.334694|114.226151,22.334714|114.226217,22.33477|114.226291,22.334827|114.226507,22.335091|114.226883,22.335429|114.22711,22.335571|114.227214,22.335614|114.227348,22.335663|114.22759,22.335743|114.228385,22.33615|114.228964,22.336533|114.229244,22.336741|114.2294,22.336909|114.229545,22.337181|114.229598,22.337281|114.229631,22.337393|114.229634,22.337508|114.229605,22.33762|114.229395,22.337999|114.229357,22.338063|114.229337,22.338134|114.229335,22.338207|114.229352,22.338278|114.229388,22.338343|114.229439,22.338398|114.229496,22.338437|114.229561,22.338463|114.229915,22.33857|114.229963,22.338594|114.230006,22.338624|114.230044,22.33866|114.230075,22.338701|114.230098,22.338746|114.230114,22.338795|114.230121,22.338844|114.23012,22.338894|114.23011,22.338944|114.230062,22.339075|114.230026,22.339207|114.230005,22.339357|114.229992,22.339454|114.229976,22.33962|114.22996,22.339668|114.229928,22.339707|114.229883,22.339734|114.22983,22.339744|114.229777,22.339736|114.229731,22.339712|114.229697,22.339674|114.229659,22.339623|114.229607,22.339585|114.229547,22.339561|114.229481,22.339553|114.229416,22.339562|114.229355,22.339587|114.229305,22.339627|114.229268,22.339678|114.229248,22.339736|114.229034,22.340345|114.228928,22.340533|114.22867,22.340907|114.22861,22.340958|114.228543,22.340995|114.228287,22.341079|114.228098,22.341203|114.228028,22.341263|114.227985,22.34132|114.227953,22.341403|114.227943,22.341465|114.227945,22.34175|114.227922,22.341859|114.22789,22.341936|114.22785,22.342015|114.227808,22.342101|114.22779,22.342156|114.227797,22.342206|114.227817,22.342269|114.227858,22.342326|114.22789,22.342356|114.227935,22.342397|114.22799,22.342457|114.228059,22.342557|114.228095,22.342615|114.228113,22.34265|114.228129,22.342687|114.228138,22.342717|114.228147,22.342771|114.228149,22.342811|114.228148,22.342837|114.228144,22.342864|114.228136,22.342891|114.228126,22.342917|114.228104,22.342966|114.228082,22.343009|114.228066,22.34304|114.228041,22.34308|114.227885,22.343323|114.227869,22.34335|114.227857,22.343375|114.227847,22.343398|114.227842,22.343419|114.22784,22.343441|114.227843,22.343464|114.227848,22.343489|114.227867,22.343554|114.227874,22.343584|114.227876,22.343616|114.227872,22.343659|114.227855,22.343714|114.227831,22.343757|114.227788,22.343825|114.2277,22.343908|114.22763,22.343947|114.227564,22.343967|114.22749,22.343976|114.22741,22.343973|114.227343,22.343955|114.227174,22.343894|114.227005,22.343827|114.226931,22.343813|114.226869,22.343812|114.22677,22.343831|114.226724,22.343844|114.226638,22.3439|114.226549,22.344018|114.226436,22.344283|114.226338,22.344495|114.226319,22.344569|114.226278,22.344616|114.226222,22.344656|114.225914,22.344789|114.225632,22.344829|114.225574,22.344849|114.225514,22.344881|114.225438,22.344982|114.2254,22.345054|114.225381,22.345148|114.22539,22.345247|114.225405,22.345301|114.225457,22.345382|114.22556,22.345468|114.225604,22.345494|114.225638,22.345524|114.225671,22.345597|114.22569,22.345677|114.225682,22.345761|114.225629,22.34598|114.225622,22.346093|114.225635,22.346212|114.225672,22.346338|114.225693,22.346465|114.225702,22.346573|114.225699,22.346645|114.225661,22.346728|114.225614,22.346799|114.225338,22.347098|114.225302,22.347185|114.225305,22.347225|114.225312,22.347285|114.225332,22.347347|114.225442,22.347488|114.225486,22.347566|114.225516,22.347643|114.225541,22.34772|114.225556,22.347808|114.225552,22.347885|114.225524,22.348007|114.225476,22.348128|114.225259,22.348581|114.225236,22.348638|114.225229,22.348675|114.225228,22.348729|114.225365,22.349235|114.225378,22.349304|114.225385,22.349387|114.225369,22.349437|114.225348,22.349488|114.225331,22.349625|114.225295,22.349729|114.225223,22.349897|114.225163,22.350007|114.225113,22.350077|114.225054,22.350129|114.224961,22.350177|114.224873,22.350202|114.224709,22.35024|114.224576,22.350304|114.224467,22.350394|114.224406,22.350481|114.224331,22.35073|114.224304,22.350787|114.224261,22.350827|114.224208,22.350861|114.224085,22.350897|114.224008,22.350928|114.223937,22.350987|114.223909,22.351035|114.223892,22.351089|114.223886,22.351163|114.223901,22.351215|114.224191,22.351879|114.224204,22.351927|114.224201,22.352002|114.224181,22.352041|114.224151,22.352065|114.223892,22.352356|114.223866,22.352403|114.223845,22.352484|114.223809,22.35257|114.223744,22.352643|114.223656,22.352684|114.22354,22.352727|114.223456,22.352762|114.223356,22.352837|114.223286,22.352921|114.223241,22.352992|114.223205,22.353075|114.223186,22.35316|114.223178,22.353264|114.223168,22.353345|114.223141,22.353406|114.222924,22.353683|114.222902,22.353751|114.2229,22.35381|114.222923,22.353911|114.222959,22.35399|114.222965,22.354043|114.222949,22.354097|114.22289,22.354163|114.222748,22.354298|114.222691,22.354362|114.222656,22.354438|114.222643,22.354508|114.222648,22.354607|114.222637,22.35469|114.2226,22.354746|114.22254,22.354784|114.222401,22.354836|114.222356,22.354858|114.222317,22.354893|114.222282,22.35498|114.222277,22.355051|114.222316,22.355153|114.222382,22.355277|114.222394,22.355322|114.222385,22.355366|114.22235,22.355431|114.222254,22.355575|114.222231,22.355629|114.222214,22.355691|114.222209,22.355768|114.222225,22.35586|114.222211,22.355943|114.222138,22.356027|114.22207,22.356087|114.221975,22.356127|114.221926,22.356162|114.221894,22.356209|114.221858,22.356284|114.221855,22.356348|114.22187,22.356376|114.221907,22.356454|114.221921,22.356519|114.221912,22.356561|114.221885,22.356589|114.221827,22.3566|114.221786,22.356595|114.221751,22.356578|114.221721,22.356549|114.221671,22.356353|114.221639,22.356207|114.221639,22.356167|114.221654,22.356124|114.221695,22.356047|114.221751,22.355983|114.221829,22.355911|114.221857,22.355869|114.221868,22.355821|114.221866,22.355772|114.221852,22.355729|114.221781,22.355624|114.221751,22.355535|114.221745,22.355461|114.221777,22.355376|114.22181,22.355295|114.221822,22.355242|114.22182,22.355191|114.221784,22.355132|114.221745,22.35509|114.221704,22.355057|114.221507,22.354937|114.221434,22.35484|114.22132,22.354642|114.221294,22.354587|114.221273,22.35451|114.22128,22.354448|114.221304,22.354359|114.221343,22.354302|114.221409,22.354226|114.221442,22.354182|114.221465,22.354133|114.221466,22.354076|114.221392,22.353586|114.221365,22.353449|114.221314,22.353336|114.221229,22.353247|114.221161,22.353205|114.221042,22.353162|114.220932,22.35316|114.220682,22.353245|114.220587,22.353323|114.220507,22.353453|114.22048116465419,22.353593851358326"
pak-sha-wan-pier,白沙灣碼頭,,114.2600265,22.362130999999998,sea|photo,1,,-1,
place-1791028289871-42,相思灣,,114.2905194,22.3073141,small-road|view|sea|photo,1,,-1,
lion-s-pavilion,獅子亭,,114.1891272,22.3909606,photo|view|nightview,-1,,-1,
jat-s-incline-parking-viewpoint,扎山道泊車觀景點,,114.2139886,22.3556238,view|small-road,0,,0,"114.194505,22.349016|114.194401,22.349149|114.194224,22.349376|114.194143,22.349495|114.194054,22.34969|114.194031,22.349793|114.194031,22.349906|114.194053,22.349976|114.194123,22.350038|114.194174,22.350044|114.194221,22.35004|114.194262,22.350032|114.19446,22.349983|114.194499,22.349978|114.194538,22.349976|114.194567,22.349981|114.194593,22.349988|114.194621,22.349998|114.194912,22.350127|114.194938,22.35014|114.194958,22.350152|114.194989,22.350175|114.195019,22.350199|114.195047,22.350227|114.195077,22.350261|114.195103,22.350295|114.195127,22.350335|114.195142,22.350364|114.19515,22.350392|114.195154,22.350426|114.195152,22.350464|114.195145,22.350502|114.195134,22.350527|114.195102,22.35058|114.19509,22.350607|114.195083,22.350634|114.195082,22.350654|114.195084,22.350676|114.19509,22.350696|114.195098,22.350713|114.195112,22.350738|114.195133,22.350767|114.19515,22.350794|114.195163,22.350822|114.195169,22.350848|114.19517,22.350874|114.195167,22.350895|114.195159,22.350916|114.195134,22.350963|114.195123,22.350983|114.195115,22.351003|114.19511,22.351022|114.195108,22.35104|114.195109,22.351061|114.195113,22.351082|114.195119,22.351102|114.19514,22.351152|114.195147,22.351174|114.19515,22.351198|114.19515,22.351221|114.195145,22.351245|114.195132,22.351269|114.195119,22.351288|114.195106,22.351303|114.194962,22.351435|114.194945,22.351452|114.194933,22.351468|114.194923,22.351483|114.194917,22.351498|114.194912,22.351541|114.194918,22.351612|114.194974,22.351808|114.195094,22.352226|114.195139,22.352288|114.195254,22.352308|114.195436,22.352306|114.195947,22.352181|114.19609,22.352132|114.196229,22.352028|114.19632,22.351998|114.19644,22.351981|114.19657,22.351939|114.196675,22.351893|114.196761,22.351878|114.196912,22.351869|114.197045,22.351911|114.197144,22.351978|114.197201,22.352032|114.197267,22.352156|114.19739,22.352335|114.197444,22.352431|114.19748,22.352503|114.197493,22.352566|114.197474,22.352646|114.197466,22.352704|114.197469,22.352771|114.19748,22.352809|114.197489,22.352846|114.1975,22.352878|114.197518,22.353044|114.197485,22.353165|114.197466,22.353296|114.197486,22.353595|114.197513,22.353731|114.19751,22.353909|114.197515,22.354021|114.197553,22.354067|114.19765,22.35409|114.197682,22.354079|114.197753,22.354035|114.197889,22.353951|114.19799,22.35391|114.198059,22.35391|114.19809,22.35392|114.19816,22.35397|114.198201,22.354089|114.198199,22.354189|114.198161,22.354338|114.19816,22.354382|114.198171,22.354421|114.198218,22.354458|114.198278,22.354478|114.198399,22.354549|114.198437,22.354587|114.198634,22.354733|114.198791,22.354913|114.19893,22.355148|114.198963,22.355195|114.198993,22.355216|114.19902,22.355226|114.199057,22.355228|114.19909,22.355226|114.199136,22.355211|114.19917,22.355191|114.199218,22.355156|114.19926,22.355115|114.199321,22.355035|114.199355,22.354993|114.199372,22.354982|114.199397,22.354974|114.199428,22.354979|114.199447,22.355001|114.199438,22.355039|114.199422,22.355067|114.199318,22.355193|114.199224,22.355311|114.199196,22.355342|114.199161,22.355372|114.199126,22.355389|114.199079,22.355401|114.198952,22.355433|114.198835,22.355482|114.198813,22.355512|114.19881,22.355539|114.198817,22.355554|114.198829,22.355569|114.198848,22.355579|114.198873,22.355585|114.198906,22.355575|114.198978,22.355531|114.198998,22.355515|114.199037,22.355501|114.199101,22.355485|114.199161,22.355484|114.199218,22.355482|114.199283,22.355469|114.199299,22.355466|114.199424,22.355411|114.199469,22.355401|114.199523,22.355402|114.199535,22.355402|114.199576,22.355402|114.199604,22.355393|114.19963,22.35538|114.199733,22.355277|114.1999,22.355101|114.200009,22.35481|114.200056,22.354728|114.200089,22.35467|114.200113,22.354654|114.200149,22.35463|114.200229,22.354601|114.200329,22.3546|114.200431,22.354621|114.200573,22.354681|114.2006,22.354688|114.200627,22.354693|114.200653,22.354694|114.200679,22.354692|114.200707,22.354687|114.200737,22.354678|114.200772,22.354663|114.200809,22.354644|114.201089,22.354479|114.201117,22.354465|114.201146,22.354455|114.201174,22.354448|114.201204,22.354444|114.201235,22.354443|114.201267,22.354446|114.20131,22.354456|114.202079,22.354688|114.202109,22.354695|114.202138,22.3547|114.202168,22.354702|114.202201,22.354701|114.202229,22.354696|114.202254,22.35469|114.202278,22.35468|114.2023,22.354668|114.202322,22.354654|114.202343,22.354639|114.202362,22.354621|114.202376,22.354604|114.202394,22.354577|114.202437,22.354503|114.202453,22.354483|114.202471,22.354463|114.202493,22.354444|114.202511,22.354433|114.202532,22.354421|114.202554,22.354412|114.20258,22.3544|114.202611,22.35439|114.202634,22.354383|114.202658,22.354378|114.202683,22.354374|114.202942,22.354342|114.202987,22.354339|114.203025,22.354338|114.203056,22.354341|114.203085,22.354347|114.203117,22.354355|114.203154,22.354368|114.203234,22.3544|114.203257,22.354407|114.203279,22.354414|114.203299,22.354419|114.203326,22.354422|114.203354,22.354423|114.203383,22.354422|114.203405,22.354418|114.20343,22.354411|114.203454,22.354403|114.203487,22.35439|114.203552,22.354362|114.203582,22.354351|114.203612,22.354344|114.203634,22.354341|114.20366,22.354343|114.203689,22.35435|114.203722,22.354362|114.203748,22.354376|114.203775,22.354393|114.204124,22.354652|114.204406,22.354862|114.204436,22.354882|114.204463,22.354898|114.204492,22.354913|114.20452,22.354926|114.204584,22.35495|114.204605,22.354957|114.204631,22.354964|114.204653,22.354969|114.204677,22.354973|114.204716,22.354978|114.204764,22.354982|114.204808,22.354984|114.204954,22.354984|114.20501,22.354983|114.206179,22.354937|114.206217,22.354935|114.206254,22.35493|114.206286,22.354924|114.20632,22.354916|114.206356,22.354905|114.206385,22.354894|114.206417,22.35488|114.206442,22.354868|114.206454,22.35486|114.206467,22.354851|114.206482,22.354838|114.206617,22.354707|114.20664,22.354687|114.206657,22.354674|114.206671,22.354664|114.206685,22.354656|114.2067,22.35465|114.206716,22.354646|114.206737,22.354642|114.206761,22.35464|114.206791,22.354639|114.206815,22.354641|114.206838,22.354645|114.206853,22.35465|114.20687,22.354657|114.20689,22.354668|114.206917,22.354686|114.206936,22.354699|114.206953,22.354714|114.206996,22.354752|114.207045,22.354797|114.207152,22.354899|114.207187,22.354929|114.207211,22.354949|114.207232,22.354964|114.207254,22.354979|114.207282,22.354994|114.207314,22.355007|114.207353,22.35502|114.207595,22.355082|114.207658,22.355094|114.207721,22.355103|114.207763,22.355107|114.207806,22.355107|114.207879,22.355105|114.207911,22.355105|114.20794,22.355106|114.207969,22.35511|114.208001,22.355118|114.208031,22.355129|114.20806,22.355142|114.208088,22.355158|114.208116,22.355175|114.208161,22.355205|114.208204,22.355236|114.20825,22.355271|114.208642,22.355593|114.208849,22.355779|114.208873,22.355801|114.20896,22.355859|114.20906,22.35591|114.209108,22.35592|114.20919,22.355919|114.20957,22.355831|114.20962,22.35581|114.209679,22.355771|114.209712,22.355737|114.2098,22.355611|114.209842,22.355568|114.209882,22.355539|114.210027,22.355451|114.21015,22.355401|114.210271,22.35538|114.21037,22.35538|114.210477,22.355395|114.21051,22.355397|114.210538,22.355396|114.210564,22.355393|114.210592,22.355388|114.210619,22.355379|114.210659,22.35536|114.210752,22.355297|114.210879,22.35521|114.210982,22.35519|114.211067,22.3552|114.211131,22.35521|114.211291,22.355282|114.21154,22.35536|114.211679,22.355369|114.21188,22.355368|114.211961,22.35539|114.212509,22.3556|114.212696,22.355651|114.212811,22.35567|114.21319,22.35576|114.213334,22.35578|114.213488,22.35579|114.213529,22.355799|114.213787,22.35581|114.213874,22.35581|114.213927,22.355786|114.2139886,22.3556238"
lower-shing-mun-reservoir-main-dam,下城門水塘主壩,,114.16431608839622,22.37293047563051,photo|small-road,1,,0,"114.16686,22.373749|114.166852,22.373644|114.166839,22.373548|114.16677,22.373042|114.166719,22.372692|114.166755,22.372592|114.166837,22.372631|114.166872,22.372665|114.167075,22.372847|114.167144,22.373132|114.167304,22.373302|114.167424,22.373523|114.167484,22.373534|114.167512,22.373496|114.1674,22.373044|114.167441,22.372815|114.1674,22.372591|114.167408,22.372318|114.167329,22.372155|114.16718,22.371984|114.166993,22.371684|114.166876,22.371593|114.166754,22.371512|114.16666,22.371473|114.166587,22.371458|114.166502,22.371458|114.166396,22.371466|114.166289,22.371481|114.166187,22.371509|114.166091,22.371545|114.166002,22.37159|114.165937,22.371616|114.165913,22.371624|114.165877,22.371626|114.165834,22.371618|114.165789,22.371602|114.16551,22.371434|114.16544,22.371397|114.165333,22.37146|114.165137,22.371608|114.165027,22.371705|114.16492,22.371805|114.164826,22.371907|114.164737,22.372013|114.164651,22.372132|114.164571,22.372255|114.164523,22.372347|114.164478,22.372438|114.164432,22.37253|114.164398,22.372622|114.164358,22.372729|114.164324,22.372843|114.16431608839622,22.37293047563051"
place-1791028289871-43,金山路 ⋅ 金山郊野公園,,114.1506313,22.359615899999998,small-road|view,1,,-1,
kowloon-reservoir-dam,九龍水塘水壩,,114.1533066,22.353098499999998,photo|view,0,,-1,
stonecutters-bridge-viewing-point,8號仔 ⋅ 昂船洲大橋觀景點,,114.12233843797674,22.32320411744095,view|photo|sea,0,,0,"114.137881,22.326616|114.137785,22.326616|114.137689,22.326502|114.137089,22.326057|114.136709,22.325789|114.136135,22.32541|114.135307,22.324842|114.13306,22.323276|114.132399,22.32283|114.130646,22.321625|114.130464,22.321471|114.130405,22.321398|114.13035,22.321289|114.130346,22.321244|114.130333,22.321199|114.130286,22.321123|114.130246,22.321087|114.130199,22.321059|114.130116,22.321035|114.130039,22.321034|114.130016,22.321038|114.129994,22.321043|114.12981,22.32102|114.129691,22.320998|114.129576,22.320966|114.129093,22.320717|114.128751,22.320578|114.128545,22.320501|114.128211,22.320416|114.127871,22.320352|114.127712,22.320331|114.127047,22.320306|114.126645,22.320337|114.126319,22.320387|114.125948,22.32048|114.125615,22.320589|114.125274,22.320733|114.125034,22.320863|114.12479,22.321009|114.124422,22.321276|114.123816,22.322027|114.122801,22.32283|114.122625,22.322969|114.12233843797674,22.32320411744095"
cheung-hang-rd,長坑路,,114.14272229999999,22.3433779,small-road,1,,-1,
luen-yick-ferry-pier,三門仔 ⋅ 聯益碼頭,,114.2143476,22.457634,photo|view|sea,1,,-1,
tai-mei-tuk-tsuen,大美督,,114.23296099999999,22.4728367,view|sea,1,,-1,
place-1791028289871-44,發記士多,,114.2193933,22.525125199999998,eat,1,,-1,
robin-s-nest,紅花嶺,,114.19,22.541389,new|challenge|small-road,1,,-1,
bride-s-pool-rd,新娘潭路,,114.2346939,22.5053989,tag-1791089795322|view,2,,0,"114.236362,22.476176|114.236338,22.47623|114.236325,22.476265|114.236302,22.476329|114.236296,22.476345|114.236353,22.476461|114.236411,22.476537|114.236467,22.476617|114.236498,22.476667|114.236512,22.476694|114.236525,22.476725|114.236543,22.476782|114.236556,22.476836|114.236565,22.47689|114.236583,22.47706|114.236591,22.477107|114.236596,22.477139|114.236624,22.477224|114.236659,22.4773|114.236693,22.477353|114.236733,22.477398|114.236778,22.477439|114.236823,22.477473|114.236875,22.477505|114.236937,22.477533|114.237002,22.477553|114.237077,22.47757|114.237147,22.477579|114.23722,22.477583|114.23735,22.477586|114.23743,22.47759|114.237522,22.477598|114.237614,22.47761|114.237702,22.477628|114.23779,22.477654|114.237883,22.47769|114.237973,22.477732|114.238056,22.477779|114.238132,22.47783|114.238207,22.477889|114.238274,22.477951|114.238335,22.478016|114.238412,22.478111|114.238491,22.47822|114.238856,22.478746|114.238906,22.478808|114.238955,22.478861|114.239009,22.478913|114.23906,22.478958|114.239118,22.479003|114.239186,22.479048|114.239275,22.479095|114.239364,22.479136|114.239982,22.47941|114.240101,22.479473|114.240197,22.479539|114.240289,22.479615|114.240372,22.479701|114.240435,22.479785|114.240491,22.479876|114.240539,22.479972|114.240586,22.480074|114.240697,22.480321|114.240752,22.48044|114.240815,22.48056|114.240855,22.480628|114.240886,22.480681|114.240971,22.480816|114.241028,22.4809|114.241109,22.481007|114.241136,22.481043|114.241241,22.48117|114.241347,22.48129|114.241522,22.481469|114.24165,22.48159|114.241862,22.481777|114.243005,22.482785|114.243064,22.48284|114.243121,22.482901|114.24317,22.482968|114.243215,22.483041|114.24326,22.48313|114.243297,22.483224|114.243319,22.483313|114.243331,22.483395|114.243334,22.48348|114.243328,22.483558|114.243313,22.48364|114.243291,22.48372|114.243263,22.48379|114.243233,22.483851|114.243189,22.483922|114.24314,22.48399|114.24298,22.48419|114.242933,22.484255|114.242882,22.484333|114.242855,22.484385|114.242832,22.48444|114.242816,22.48449|114.242807,22.484536|114.242802,22.484586|114.2428,22.484657|114.242803,22.484722|114.242812,22.484778|114.242826,22.484831|114.242843,22.484883|114.242855,22.484912|114.242865,22.484936|114.242892,22.484987|114.242922,22.485036|114.242955,22.485082|114.242992,22.485125|114.243029,22.485162|114.243072,22.485198|114.243543,22.485578|114.243615,22.48564|114.24367,22.485689|114.243715,22.485735|114.243754,22.485777|114.243811,22.485851|114.243864,22.485938|114.243916,22.486033|114.243958,22.486128|114.243989,22.486217|114.244013,22.486311|114.244028,22.4864|114.244036,22.486495|114.244035,22.486591|114.244026,22.486695|114.244013,22.486782|114.243993,22.486867|114.243968,22.486941|114.243933,22.487024|114.243886,22.487115|114.243831,22.487205|114.243767,22.487295|114.243706,22.487365|114.243656,22.487416|114.243632,22.48744|114.243543,22.487512|114.243442,22.487581|114.243418,22.487594|114.243326,22.487646|114.243271,22.487671|114.243213,22.487698|114.24309,22.487748|114.242833,22.487845|114.242743,22.487883|114.242726,22.487891|114.242691,22.487909|114.24265,22.48793|114.24257,22.487975|114.242541,22.487995|114.242532,22.488001|114.242519,22.48801|114.242474,22.488048|114.242442,22.48808|114.242432,22.488091|114.242406,22.488121|114.242392,22.488138|114.242379,22.488156|114.242361,22.48818|114.242355,22.488188|114.242326,22.488236|114.242301,22.488291|114.24228,22.488353|114.242267,22.488415|114.24226,22.48848|114.24226,22.488499|114.242259,22.48854|114.242264,22.488603|114.242274,22.48867|114.242287,22.488724|114.242294,22.488756|114.242315,22.488829|114.242355,22.48897|114.242475,22.489392|114.242495,22.489479|114.242508,22.48956|114.242514,22.489646|114.242512,22.489715|114.242504,22.489783|114.24249,22.489851|114.242469,22.489922|114.242443,22.489989|114.24241,22.490058|114.242378,22.490115|114.242368,22.490132|114.24231,22.49022|114.242018,22.490618|114.24197,22.490687|114.241952,22.490713|114.241924,22.490756|114.241898,22.4908|114.241872,22.490849|114.241851,22.490896|114.241829,22.490956|114.241813,22.491017|114.241805,22.491052|114.241802,22.491075|114.241795,22.491129|114.241792,22.491186|114.241793,22.491244|114.241795,22.491271|114.241799,22.49132|114.241851,22.491735|114.241861,22.491819|114.241903,22.492155|114.241917,22.492268|114.241969,22.492681|114.241975,22.492757|114.241977,22.492838|114.241974,22.492922|114.241965,22.493017|114.24195,22.493111|114.241946,22.493132|114.241933,22.493195|114.241911,22.493281|114.241881,22.493373|114.24185,22.493455|114.241795,22.493592|114.241733,22.493744|114.241403,22.494563|114.241242,22.494961|114.241168,22.495144|114.24114,22.49523|114.241118,22.495314|114.241103,22.49539|114.241093,22.495464|114.241089,22.49554|114.241091,22.495616|114.241098,22.495688|114.241108,22.495755|114.241125,22.495828|114.241145,22.4959|114.241215,22.496145|114.241254,22.49629|114.241271,22.496362|114.241284,22.49644|114.241291,22.496522|114.241293,22.496605|114.241288,22.496693|114.241273,22.496788|114.24125,22.496877|114.241228,22.49694|114.241221,22.49696|114.241184,22.497043|114.241143,22.497119|114.24109,22.497204|114.240777,22.497674|114.240728,22.497753|114.240705,22.497794|114.240682,22.497834|114.240638,22.497919|114.240598,22.498006|114.240561,22.498097|114.240525,22.498195|114.240513,22.498231|114.240483,22.49832|114.24034,22.498825|114.24032,22.498891|114.240299,22.498951|114.240275,22.49901|114.240244,22.499071|114.240208,22.499128|114.240166,22.499185|114.240105,22.499247|114.240033,22.499306|114.23994,22.499372|114.239555,22.499608|114.239476,22.499658|114.239399,22.499711|114.239334,22.499763|114.239319,22.499777|114.239282,22.499812|114.239236,22.499866|114.239215,22.499893|114.239201,22.499912|114.239172,22.49996|114.239157,22.499992|114.239144,22.50002|114.239124,22.500076|114.239107,22.500135|114.239096,22.500193|114.239088,22.500267|114.239091,22.500292|114.239094,22.500338|114.239104,22.500414|114.239115,22.500461|114.239129,22.500524|114.239159,22.50062|114.239213,22.500774|114.239269,22.500925|114.23929,22.500988|114.239303,22.501036|114.239309,22.501056|114.239322,22.501124|114.239329,22.501186|114.239331,22.501255|114.239328,22.501327|114.239322,22.501377|114.239312,22.501428|114.239299,22.501475|114.239287,22.501505|114.23928,22.501524|114.239258,22.501573|114.239232,22.501624|114.239204,22.501673|114.239168,22.501723|114.239131,22.501769|114.239097,22.501807|114.23909,22.501814|114.239044,22.501858|114.238993,22.5019|114.238986,22.501905|114.238938,22.50194|114.238877,22.501978|114.238823,22.502005|114.238815,22.502009|114.238747,22.502037|114.238672,22.502063|114.238591,22.502089|114.238503,22.502114|114.238239,22.502182|114.238014,22.502227|114.237834,22.50227|114.237717,22.502304|114.237519,22.502385|114.237454,22.502412|114.237351,22.502457|114.237234,22.502517|114.237132,22.502577|114.237094,22.502602|114.23701,22.502659|114.2369,22.502743|114.236801,22.502827|114.236714,22.502909|114.236709,22.502914|114.236625,22.503003|114.236555,22.503085|114.2365,22.503165|114.236443,22.503248|114.236367,22.503371|114.236322,22.503452|114.236094,22.50388|114.236024,22.504007|114.23597,22.504101|114.235924,22.504175|114.235853,22.504278|114.235794,22.50436|114.235741,22.504431|114.23568,22.504507|114.235614,22.504583|114.23556,22.504643|114.235509,22.504698|114.235442,22.504765|114.235366,22.504838|114.235296,22.504902|114.235214,22.504973|114.2346939,22.5053989"
tung-chung-ma-wan-chung-pier,東涌馬灣涌碼頭,,113.9342324,22.286282,photo|view|new,-1,,-1,
wa-shan-military-road-sheung-shui,上水華山軍路 ⋅ 北望神州石,,114.13921933066013,22.516521944194835,small-road|challenge|view|photo,1,,0,"114.127155,22.519535|114.127258,22.519514|114.127366,22.519511|114.127447,22.519527|114.127478,22.519549|114.127506,22.519571|114.127572,22.519746|114.127603,22.519803|114.127769,22.519971|114.128101,22.520257|114.128145,22.520311|114.128153,22.520348|114.128148,22.520378|114.128133,22.520439|114.128133,22.520495|114.128146,22.520526|114.128169,22.520568|114.128229,22.520639|114.128256,22.52066|114.128334,22.520697|114.128435,22.520724|114.12857,22.520735|114.128727,22.520758|114.128802,22.520783|114.129155,22.520921|114.12919,22.520945|114.12922,22.520984|114.129274,22.521059|114.129303,22.521088|114.129336,22.521103|114.129469,22.521117|114.129509,22.521128|114.129537,22.521136|114.129572,22.521137|114.129617,22.521132|114.129644,22.52112|114.129682,22.521095|114.129721,22.521072|114.129757,22.521063|114.129857,22.521053|114.129914,22.521059|114.130068,22.521069|114.130148,22.521056|114.130222,22.521042|114.130621,22.52106|114.130716,22.521041|114.130754,22.521024|114.130947,22.520926|114.131011,22.520875|114.131079,22.520803|114.131174,22.520728|114.131263,22.520688|114.131371,22.520663|114.131481,22.520667|114.131647,22.520717|114.131718,22.520742|114.131759,22.520746|114.131822,22.52072|114.132085,22.520551|114.132181,22.520496|114.132302,22.520479|114.132489,22.520495|114.132643,22.520402|114.132861,22.520272|114.133155,22.520123|114.133267,22.520083|114.133356,22.520081|114.133623,22.520097|114.133759,22.520084|114.133901,22.520073|114.134003,22.52004|114.134124,22.519923|114.134223,22.519802|114.134319,22.519728|114.134533,22.519648|114.134617,22.519601|114.134679,22.519514|114.134719,22.519447|114.134771,22.519346|114.134828,22.519271|114.134988,22.519161|114.135274,22.518841|114.135335,22.518801|114.135631,22.518721|114.135701,22.518681|114.135745,22.518633|114.135783,22.51859|114.135795,22.518544|114.135768,22.518478|114.135653,22.518407|114.135605,22.518348|114.135594,22.518291|114.135607,22.518222|114.135652,22.518194|114.135969,22.518075|114.136032,22.518052|114.136138,22.518061|114.136289,22.51805|114.136482,22.518038|114.13656,22.518076|114.136625,22.518075|114.136711,22.518046|114.136784,22.517998|114.136843,22.517948|114.136927,22.517829|114.137078,22.517508|114.137181,22.517334|114.137235,22.517274|114.137325,22.517203|114.13764,22.516962|114.137719,22.516907|114.137817,22.516806|114.137884,22.516672|114.137944,22.516522|114.138075,22.516361|114.138166,22.516288|114.138231,22.516251|114.138369,22.516193|114.138488,22.516146|114.138554,22.516151|114.138647,22.516163|114.138799,22.516228|114.139052,22.516401|114.13921933066013,22.516521944194835"
lam-tei-irrigation-reservoir,藍地灌溉水塘,,113.9902609,22.410637599999998,new,-1,,-1,
tsim-bei-tsui,尖鼻咀,,114.0113758,22.4859789,new,-1,,-1,
draft-1791089118177,鴻興道 ⋅ 灣仔海旁,,114.17934637384428,22.282841953198783,view|sea|sunset|nightview,0,,-1,
draft-1791090481217,白泥天空之鏡,,113.94762986672328,22.43939332294275,view|small-road|sea|sunset,0,,-1,
draft-1791091167537,港版千本鳥居,,114.09903822175289,22.368728992488997,tag-1791089795322|view,2,,-1,
draft-1791092035343,涌背六號燒烤場,,114.24412963607546,22.485440088736127,view|sea,1,,-1,
draft-1791092275645,承景街,,114.2091519242478,22.309456973736673,view|photo|sea|nightview,1,,-1,
draft-1791093531438,石澳眺望處 ⋅ 鶴咀道,,114.2433639737884,22.223804064903007,view|photo,1,,0,"114.243601,22.221746|114.243614,22.221698|114.243622,22.221632|114.243622,22.221556|114.243619,22.221526|114.243609,22.2215|114.243592,22.221476|114.243571,22.221458|114.243538,22.221438|114.24351,22.221426|114.243471,22.221418|114.24343,22.221422|114.243396,22.221437|114.243377,22.221458|114.243365,22.221483|114.243366,22.221514|114.243379,22.221542|114.243393,22.221558|114.243415,22.221569|114.243439,22.221577|114.243474,22.221585|114.243503,22.221597|114.243529,22.221615|114.243546,22.221633|114.243558,22.221654|114.243573,22.22169|114.243583,22.221725|114.243588,22.221791|114.243565,22.222024|114.243558,22.222143|114.243554,22.222263|114.243557,22.222381|114.24357,22.22252|114.243599,22.222721|114.243607,22.222799|114.243608,22.222861|114.243603,22.222911|114.243589,22.222991|114.243575,22.223045|114.243557,22.223093|114.243532,22.223146|114.243446,22.223283|114.243411,22.223348|114.243387,22.223408|114.243369,22.22347|114.243357,22.223538|114.243353,22.223611|114.2433639737884,22.223804064903007"
draft-1791094998275,堅尼地城海旁,,114.12972892082558,22.285419303506373,view|sea|sunset,1,,-1,
draft-1791095546792,菠蘿山 ⋅ 屯門大峽谷,,113.94899539925683,22.411758453154235,photo|view|small-road|challenge|sea|tag-1791088785064,-1,,0,"113.95314,22.406713|113.953153,22.406796|113.953169,22.4069|113.953177,22.406928|113.953182,22.406956|113.953193,22.407007|113.95323,22.407067|113.953288,22.407131|113.953311,22.407181|113.953318,22.40733|113.953318,22.407402|113.953298,22.407484|113.953233,22.407576|113.953093,22.40767|113.952981,22.407771|113.952889,22.4079|113.952782,22.407945|113.952702,22.407957|113.952642,22.408024|113.95246,22.408247|113.952368,22.408362|113.952305,22.408472|113.952229,22.408537|113.952148,22.408562|113.952095,22.408567|113.95203,22.408634|113.952,22.408785|113.951991,22.408828|113.951944,22.409078|113.952003,22.409168|113.952122,22.409167|113.952271,22.409091|113.952333,22.409088|113.952495,22.409122|113.952763,22.409335|113.952809,22.40935|113.953229,22.409343|113.953507,22.40942|113.953597,22.409465|113.953675,22.409551|113.953688,22.40963|113.95369,22.409651|113.953692,22.409671|113.953695,22.409698|113.953692,22.40978|113.953678,22.409872|113.953651,22.409917|113.953527,22.410004|113.953309,22.410126|113.953174,22.410229|113.95304,22.410373|113.95295,22.410519|113.952855,22.410639|113.952785,22.410703|113.952426,22.410882|113.952354,22.410902|113.952266,22.410908|113.951806,22.410883|113.951545,22.410873|113.951458,22.410856|113.95136,22.41082|113.951179,22.410742|113.951006,22.410649|113.95093,22.410623|113.950899,22.410623|113.950851,22.410628|113.950813,22.410641|113.95079,22.410659|113.950774,22.410695|113.950743,22.410824|113.950628,22.410987|113.950552,22.411016|113.950327,22.411043|113.950283,22.411048|113.950069,22.41115|113.949806,22.41142|113.949575,22.411544|113.949506,22.411582|113.949219,22.411687|113.94899539925683,22.411758453154235"
