id,label,icon,color,description,showOnMap,displayTitle
photo,打卡位,CameraIcon,,,false,出車邊度有得影靚相？
view,睇風景,MountainsIcon,,,false,出車邊度有得睇風景
small-road,細路,TreeIcon,,,false,山旮旯系列
challenge,挑戰性,MotorcycleIcon,,,true,你可以唔去但係一定要帶你朋友去系列
eat,食嘢,BowlFoodIcon,#666060,,true,出車邊度有好嘢食？
coffee,飲啡,CoffeeIcon,,,true,出車邊度有得飲啡？
new,未去過,SealIcon,,,false,
sunset,日落,SunHorizonIcon,#f09328,,true,
sunrise,日出,SunDimIcon,,,true,
nightview,夜景,CityIcon,,,true,
sea,海景,WavesIcon,#6393f2,,true,
tag-1791088785064,石路,TreeEvergreenIcon,,,false,
tag-1791089795322,刷相,VideoCameraIcon,,,true,
tag-1791091341845,禁區紙,,,,false,
